"spo","meanW","semW"
"SPO_Sp16SA",0.97,0
"SPO_Sp16SB",0.96,0.01
"SPO_Sp16SC",0.96,0.01
"SPO_Sp23SA",0.96,0
"SPO_Sp23SB",0.96,0
"SPO_Sp5SD",1,0.01
"SPO_Sp5SE",0.98,0.01
"SPO_Sp5SF",0.96,0.01
"SPO0001",0.82,0.04
"SPO0002",1.02,0.02
"SPO0003",0.81,0.11
"SPO0005",1.06,0.01
"SPO0006",1.03,0.01
"SPO0007",1.04,0.02
"SPO0008",0.98,0.01
"SPO0009",0.96,0.02
"SPO0010",0.36,0.21
"SPO0011",0.99,0
"SPO0012",1.02,0.02
"SPO0013",1,0.02
"SPO0014",0.98,0.01
"SPO0015",1.05,0.03
"SPO0016",0.98,0.02
"SPO0017",1.02,0.01
"SPO0018",0,0
"SPO0019",0.97,0.01
"SPO0020",1.02,0.01
"SPO0021",0.92,0.01
"SPO0022",1,0.01
"SPO0023",1.03,0.01
"SPO0024",0.91,0.02
"SPO0025",1.02,0.02
"SPO0027",0.98,0.01
"SPO0028",0.99,0.01
"SPO0029",1.05,0.02
"SPO0030",1.02,0.01
"SPO0031",1.04,0.01
"SPO0033",1.04,0.02
"SPO0034",1,0.02
"SPO0035",1,0.01
"SPO0036",0.98,0.01
"SPO0037",0.99,0.01
"SPO0040",1.01,0.01
"SPO0041",1.04,0.01
"SPO0042",1.02,0.02
"SPO0044",0.93,0.07
"SPO0045",0.99,0.02
"SPO0046",0.92,0.01
"SPO0046a",0.98,0.05
"SPO0047",0.94,0.04
"SPO0048",1,0.03
"SPO0049",1,0.01
"SPO0050",0.96,0.02
"SPO0051",1,0.02
"SPO0052",1.01,0.03
"SPO0053",1,0.04
"SPO0054",0.97,0.02
"SPO0055",1.05,0.01
"SPO0056",1.04,0.01
"SPO0057",0.88,0.32
"SPO0058",1.02,0.01
"SPO0059",0.97,0.01
"SPO0060",1.06,0.01
"SPO0062",0.44,0.26
"SPO0063",0.14,0.14
"SPO0066",0.97,0.01
"SPO0067",0.88,0.02
"SPO0068",1.01,0.02
"SPO0069",1.02,0.01
"SPO0070",1,0.02
"SPO0071",1.06,0.02
"SPO0072",0.9,0.06
"SPO0075",1.06,0.01
"SPO0077",0.96,0.02
"SPO0078",1.07,0
"SPO0084",1.06,0.01
"SPO0085",0.88,0.05
"SPO0086",1.05,0
"SPO0087",1,0.02
"SPO0088",1.02,0.04
"SPO0089",1.02,0.02
"SPO0090",0.99,0.02
"SPO0091",1.01,0.01
"SPO0092",0.96,0.04
"SPO0093",1.01,0.04
"SPO0094",0.98,0.01
"SPO0095",0.89,0.02
"SPO0096",0.97,0.03
"SPO0097",1,0.01
"SPO0098",0.96,0.01
"SPO0099",0.96,0.02
"SPO0100",1,0.04
"SPO0101",0.98,0.01
"SPO0102",0.74,0.03
"SPO0103",0.76,0.01
"SPO0104",1.01,0.01
"SPO0105",0.99,0.03
"SPO0106",1.02,0.01
"SPO0107",1.03,0.01
"SPO0108",0.98,0.05
"SPO0109",1,0.01
"SPO0110",1.03,0.01
"SPO0111",1.04,0.01
"SPO0112",1.03,0.01
"SPO0113",1.01,0.01
"SPO0114",1.04,0.01
"SPO0115",1.01,0.01
"SPO0116",1,0.01
"SPO0118",0.94,0.01
"SPO0119",1.04,0.02
"SPO0120",0.98,0.02
"SPO0122",1.02,0.04
"SPO0123",0.95,0.02
"SPO0124",1.05,0.01
"SPO0125",1.03,0.01
"SPO0126",1.03,0.01
"SPO0127",1.08,0.11
"SPO0128",1.02,0.02
"SPO0129",1.01,0.03
"SPO0130",0.9,0.04
"SPO0131",1.07,0.03
"SPO0132",0.93,0
"SPO0133",1.02,0.02
"SPO0134",1.04,0.07
"SPO0135",1.02,0.03
"SPO0136",1.01,0.02
"SPO0137",1.02,0.01
"SPO0138",0.95,0.01
"SPO0139",0.98,0.01
"SPO0140",0.95,0.01
"SPO0141",0.95,0.03
"SPO0142",1.01,0.03
"SPO0143",0.95,0.01
"SPO0146",1.06,0.02
"SPO0147",0.5,0.17
"SPO0151",0.94,0.01
"SPO0152",0.98,0.01
"SPO0153",0.81,0.02
"SPO0154",0.98,0.02
"SPO0156",0.99,0.01
"SPO0157",1.01,0.01
"SPO0160",1.06,0.02
"SPO0161",0.98,0.01
"SPO0162",0.98,0.03
"SPO0163",0.94,0.01
"SPO0164",0.95,0.02
"SPO0165",0.98,0.03
"SPO0166",0.98,0.03
"SPO0167",1,0.04
"SPO0168",0.97,0.02
"SPO0169",1.02,0.04
"SPO0170",1.03,0.01
"SPO0171",0.98,0.05
"SPO0172",0.99,0.03
"SPO0173",0.99,0.11
"SPO0174",0.88,0.06
"SPO0175",0.98,0.04
"SPO0176",0.93,0.07
"SPO0177",0.99,0.02
"SPO0178",0.98,0.05
"SPO0179",0.88,0.06
"SPO0180",0.96,0.06
"SPO0181",0.94,0.05
"SPO0182",0.95,0.03
"SPO0183",0.98,0.03
"SPO0184",1.04,0.02
"SPO0185",0.99,0.01
"SPO0186",1.06,0.01
"SPO0187",0.94,0.03
"SPO0188",0.98,0.02
"SPO0189",0.96,0.02
"SPO0190",0.97,0
"SPO0191",0.98,0.03
"SPO0192",0.98,0.03
"SPO0193",0.96,0.03
"SPO0194",1,0.02
"SPO0195",1.02,0.02
"SPO0196",1.04,0.02
"SPO0197",0.99,0.01
"SPO0198",1,0.02
"SPO0199",1.02,0.02
"SPO0200",1,0.02
"SPO0201",1.02,0.03
"SPO0202",1.03,0.02
"SPO0203",0.97,0.01
"SPO0204",1,0.03
"SPO0205",0.98,0.04
"SPO0206",0.94,0.02
"SPO0207",1.01,0.04
"SPO0209",0.99,0.03
"SPO0210",0.04,0.04
"SPO0211",1.02,0.01
"SPO0212",0.99,0.02
"SPO0213",1.01,0.02
"SPO0214",1.02,0.02
"SPO0215",0.19,0.02
"SPO0216",0.06,0.02
"SPO0217",0.88,0.05
"SPO0218",0.97,0.01
"SPO0219",0.99,0.02
"SPO0220",1.06,0.03
"SPO0221",1.1,0.04
"SPO0222",1.05,0.02
"SPO0223",0.99,0.01
"SPO0224",1.01,0.03
"SPO0225",0.97,0.03
"SPO0226",1.01,0.01
"SPO0227",1.06,0.01
"SPO0228",1.01,0.04
"SPO0230",1.12,0.04
"SPO0231",1.02,0.02
"SPO0232",1,0.01
"SPO0233",0.98,0.09
"SPO0234",1.06,0.01
"SPO0235",1.05,0.01
"SPO0236",1.05,0.01
"SPO0237",1.02,0.02
"SPO0238",1,0.01
"SPO0239",1.01,0.01
"SPO0240",1,0.02
"SPO0241",1,0
"SPO0248",1.06,0.02
"SPO0249",1.18,0.13
"SPO0250",0.99,0.02
"SPO0252",0,0
"SPO0253",1.14,0.01
"SPO0254",1.06,0.01
"SPO0255",0.97,0.04
"SPO0256",0.96,0.03
"SPO0257",0.97,0.04
"SPO0258",1.01,0.01
"SPO0259",0.93,0.06
"SPO0260",1.02,0.02
"SPO0261",0.98,0.02
"SPO0263",0.95,0.02
"SPO0264",1,0.02
"SPO0265",0.96,0.03
"SPO0266",0.95,0.03
"SPO0268",1.05,0.04
"SPO0269",0.97,0.03
"SPO0270",1.08,0.03
"SPO0273",1.85,NA
"SPO0274",0.98,0.02
"SPO0275",1.02,0.05
"SPO0276",0.95,0.04
"SPO0277",0.99,0.03
"SPO0280",1.05,0.1
"SPO0281",1.01,0.06
"SPO0282",1.07,0.06
"SPO0284",0.14,0.08
"SPO0285",0.8,0.05
"SPO0286",0.71,0.06
"SPO0287",0.09,0.09
"SPO0289",0.78,0.02
"SPO0290",0.96,0.03
"SPO0291",0.73,0.02
"SPO0292",1.01,0.02
"SPO0293",1.02,0.01
"SPO0294",0.95,0.05
"SPO0295",1.01,0.01
"SPO0296",1.05,0.02
"SPO0297",0,0
"SPO0298",1,0.01
"SPO0299",1.02,0.02
"SPO0300",1.04,0.01
"SPO0301",1,0.01
"SPO0302",0.96,0.02
"SPO0303",1,0.05
"SPO0304",1.09,0.02
"SPO0305",1.01,0.05
"SPO0306",0.84,0.01
"SPO0307",0.81,0.06
"SPO0308",0.9,0.1
"SPO0309",0.96,0.02
"SPO0310",0.9,0.05
"SPO0311",1.12,0.02
"SPO0312",1.01,0.02
"SPO0313",1.02,0.05
"SPO0314",1.03,0.04
"SPO0315",0.9,0.06
"SPO0317",1,0.02
"SPO0320",1.04,0.1
"SPO0321",1.07,0.06
"SPO0322",1.15,0.02
"SPO0323",1.04,0.01
"SPO0324",1,0.01
"SPO0325",0.64,0.09
"SPO0326",0.99,0.02
"SPO0327",0.98,0.04
"SPO0328",0.91,0.04
"SPO0329",0.95,0.03
"SPO0330",0.96,0.06
"SPO0331",0.81,0.27
"SPO0332",0,0
"SPO0333",1.06,0.03
"SPO0334",0.5,0.04
"SPO0335",0.99,0.01
"SPO0336",0.86,0.07
"SPO0337",1.08,0.02
"SPO0338",1.08,0.03
"SPO0339",1.03,0.03
"SPO0342",0.85,0.03
"SPO0343",1.07,0.18
"SPO0344a",0.49,0.04
"SPO0345",0.36,0.12
"SPO0346a",0.83,0.02
"SPO0347",0,NA
"SPO0348",1,0.01
"SPO0349",0.16,0.06
"SPO0350",0.98,0.06
"SPO0351",1.06,0.03
"SPO0352",0.97,0.03
"SPO0353",0.97,0.05
"SPO0354",0.96,0.04
"SPO0355",0.78,0.09
"SPO0356",1.02,0.02
"SPO0357",0.96,0
"SPO0360a",0.24,0.24
"SPO0362",1.01,0.01
"SPO0363",1.03,0.03
"SPO0364",0.99,0.01
"SPO0365",0.95,0.02
"SPO0366",0.89,0
"SPO0367",0.95,0
"SPO0368",0.95,0.01
"SPO0369",0.98,0.02
"SPO0370",1.04,0.02
"SPO0371",0.98,0.01
"SPO0372",1.02,0.04
"SPO0373",1.03,0.03
"SPO0374",0.89,0.02
"SPO0375",0.91,0.03
"SPO0376",1.02,0.01
"SPO0377",1.04,0.02
"SPO0378",1.04,0.01
"SPO0379",1.02,0.02
"SPO0380",0.96,0.01
"SPO0383",1,0.12
"SPO0384",1.02,0.05
"SPO0385",1.01,0.03
"SPO0386",0.32,0.05
"SPO0387",1.02,0.04
"SPO0388",1.12,0
"SPO0389",0.9,0.03
"SPO0390",1.06,0.02
"SPO0391",1.05,0.03
"SPO0393",1,0.01
"SPO0394",0.98,0.03
"SPO0395",1.02,0.06
"SPO0397",0.89,0.04
"SPO0398",0.95,0.04
"SPO0399",0.92,0.15
"SPO0400",1.05,0.03
"SPO0401",0.65,0.12
"SPO0402",0.94,0.03
"SPO0403",1.01,0.03
"SPO0405",0.94,0.32
"SPO0406",1.07,0.06
"SPO0407",0.98,0.02
"SPO0409",0.82,0.07
"SPO0410",0.66,0.06
"SPO0411",1,0.07
"SPO0412",0.77,0.03
"SPO0413",0.99,0.03
"SPO0414",1.03,0
"SPO0415",1,0.02
"SPO0417",1.15,0.08
"SPO0421",0.93,0.06
"SPO0422",0.38,0.05
"SPO0423",1.01,0.03
"SPO0424",0.96,0.02
"SPO0425",1.03,0.01
"SPO0427",0.98,0.03
"SPO0428",0.97,0.02
"SPO0429",0.96,0.04
"SPO0431",1,0.01
"SPO0432",0.88,0.04
"SPO0433",0.96,0.02
"SPO0434",1,0.05
"SPO0435",1.04,0.01
"SPO0436",0.94,0.02
"SPO0437",0.97,0.02
"SPO0438",1.02,0.01
"SPO0439",0.94,0.06
"SPO0440",0.96,0.03
"SPO0441",0.95,0.08
"SPO0442",1.08,0.01
"SPO0443",1.1,0.04
"SPO0444",0.95,0.05
"SPO0445",0.91,0.04
"SPO0446",0.8,0.02
"SPO0447",0.91,0.03
"SPO0448",1.02,0.02
"SPO0450",1.04,0.04
"SPO0451",1,0.02
"SPO0452",0.95,0.04
"SPO0453",0.91,0.05
"SPO0454",1.06,0.01
"SPO0456",1.05,0.03
"SPO0457",1,0.02
"SPO0458",0.98,0.01
"SPO0460",0.94,0.01
"SPO0461",1.02,0.04
"SPO0462",0.92,0.06
"SPO0463",1,0.04
"SPO0464",0.97,0.03
"SPO0465",1.08,0.05
"SPO0466",1,0.04
"SPO0467",1.01,0.06
"SPO0468",1.04,0.07
"SPO0469",1,0.04
"SPO0470",1,0.03
"SPO0471",0.95,0.03
"SPO0472",0.95,0.03
"SPO0473",0.89,0.06
"SPO0474",1.06,0.12
"SPO0476",1,0.04
"SPO0477",0.96,0.03
"SPO0478",1.02,0.02
"SPO0479",0.98,0.01
"SPO0481",1.06,0.02
"SPO0482",0.89,0.04
"SPO0483",1.03,0.02
"SPO0489",1,0.01
"SPO0490",0.96,0.01
"SPO0491",1.01,0.04
"SPO0491a",0.96,0.02
"SPO0492",1.04,0.02
"SPO0503",0.62,0.02
"SPO0504",1.04,0.01
"SPO0504a",1.02,0.01
"SPO0507",1.08,0.04
"SPO0508",1.02,0.02
"SPO0512",0.6,0.31
"SPO0513",1.01,0.06
"SPO0514",1.02,0.04
"SPO0515",1,0.01
"SPO0516",0.67,0.09
"SPO0517",0.88,0.04
"SPO0520",0.96,0.02
"SPO0521",0.91,0.03
"SPO0522",0.94,0.03
"SPO0523",1.07,0.05
"SPO0524",1,0.07
"SPO0525",0.97,0.04
"SPO0526",0.52,0.52
"SPO0527",0.96,0.03
"SPO0528",0.94,0.01
"SPO0529",1.17,0.08
"SPO0532",0.73,NA
"SPO0533",1.09,0.03
"SPO0534",1.04,0.02
"SPO0535",0.99,0.02
"SPO0536",1.22,0.04
"SPO0539",0.96,0.05
"SPO0540",0.96,0.04
"SPO0541",0.96,0.01
"SPO0543",1.04,0.04
"SPO0544",0.97,0.01
"SPO0545",0.96,0.02
"SPO0546",0.92,0.02
"SPO0547",0.89,0.08
"SPO0548",0.99,0.03
"SPO0549",1.04,0.03
"SPO0550",0.8,0.3
"SPO0551",0.94,0.06
"SPO0552",1.06,0.12
"SPO0553",1.01,0.03
"SPO0554",1.12,0.04
"SPO0555",1,0.04
"SPO0556",1.04,0.01
"SPO0557",1.04,0.01
"SPO0558",0.95,0.02
"SPO0559",1.03,0.03
"SPO0560",1.01,0.01
"SPO0561",0.98,0.03
"SPO0562",0.98,0.09
"SPO0563",0.86,0.05
"SPO0564",0.94,0.02
"SPO0565",0.88,0.04
"SPO0566",0.85,0.07
"SPO0567",0.76,0.29
"SPO0568",1.05,0.01
"SPO0569",0.98,0.08
"SPO0570",0.98,0.06
"SPO0571",0.98,0.07
"SPO0572",0.9,0.08
"SPO0573",0.65,0.08
"SPO0574",1,0.01
"SPO0575",0.97,0.05
"SPO0576",1.1,0.01
"SPO0577",0.85,0.04
"SPO0578",0.9,0.03
"SPO0579",0.87,0.05
"SPO0580",1.06,0.08
"SPO0581",0.92,0.07
"SPO0582",1.01,0.03
"SPO0583",1.06,0.05
"SPO0584",1.05,0.01
"SPO0585",1.04,0.01
"SPO0586",1.01,0.01
"SPO0587",1.06,0.05
"SPO0588",1.02,0.11
"SPO0589",0.93,0.02
"SPO0590",0.59,0.14
"SPO0591",1.01,0.01
"SPO0592",0.94,0.1
"SPO0593",0.89,0.15
"SPO0594",0.81,0.03
"SPO0595",1.01,0.07
"SPO0596",0.95,0.03
"SPO0597",0.9,0.08
"SPO0598",0.9,0.03
"SPO0599",1.1,0.05
"SPO0600",0.98,0.02
"SPO0601",0.97,0.01
"SPO0602",0.95,0.02
"SPO0604",0.72,0.36
"SPO0605",1.04,0.02
"SPO0606",0.94,0.07
"SPO0607",0.95,0.1
"SPO0608",0.94,0.02
"SPO0609",1.02,0.02
"SPO0610",1,0.04
"SPO0611",0.92,0.01
"SPO0612",0.92,0.06
"SPO0613",1.07,0.09
"SPO0614",1.05,0.11
"SPO0615",1.02,0.04
"SPO0616",1.03,0.04
"SPO0618",0.98,0.03
"SPO0619",0.95,0.03
"SPO0620",0.75,0.13
"SPO0621",0.98,0.02
"SPO0622",0.96,0.01
"SPO0623",0.94,0.01
"SPO0624",0.95,0.01
"SPO0628",0.97,0.01
"SPO0628a",1.04,0.02
"SPO0629",1,0.03
"SPO0632",1.03,0.02
"SPO0633",1.04,0.04
"SPO0634",0.91,0.06
"SPO0635",1.04,0.01
"SPO0636",0.91,0.15
"SPO0638",0.97,0.05
"SPO0639",1.03,0.04
"SPO0641",1.04,0
"SPO0642",1.07,0.04
"SPO0643",1.03,0.02
"SPO0644",0.88,0.09
"SPO0645",1.05,0.02
"SPO0647",0.74,0.25
"SPO0648",1.02,0.03
"SPO0649",0.93,0
"SPO0650",0.99,0.02
"SPO0651",1.02,0.02
"SPO0652",1.13,0.21
"SPO0653",0.96,0.04
"SPO0654",1.06,0.06
"SPO0655",0.96,0.03
"SPO0657",1,0.03
"SPO0658",0.91,0.02
"SPO0659",0.98,0.05
"SPO0660",0.99,0.03
"SPO0661",0.96,0.05
"SPO0662",0.98,0.07
"SPO0663",0.93,0.05
"SPO0664",1.02,0.06
"SPO0665",0.98,0.12
"SPO0666",0.8,0.15
"SPO0668",0,NA
"SPO0670",1,0.05
"SPO0671",1,0.04
"SPO0672",1.01,0.02
"SPO0673",0.98,0.03
"SPO0674",0.9,0.04
"SPO0675",0.74,0.04
"SPO0676",0.62,0.31
"SPO0677",1.04,0.01
"SPO0678",0.95,0.04
"SPO0679",1.04,0.09
"SPO0680",1.02,0.01
"SPO0681",1.19,0.19
"SPO0682",1.04,0.03
"SPO0683",1.02,0.05
"SPO0684",1.11,0.08
"SPO0685",1.04,0.02
"SPO0686",1.02,0.02
"SPO0687",1.02,0.04
"SPO0688",1.04,0.01
"SPO0689",0.52,0.33
"SPO0690",0.89,0.03
"SPO0691",0.56,0.19
"SPO0692",1.03,0.03
"SPO0693",0.98,0.03
"SPO0694",0.93,0.02
"SPO0695",1.17,0.03
"SPO0697",1.01,0.06
"SPO0698",0.96,0.11
"SPO0699",0.89,0.02
"SPO0700",1.1,0.05
"SPO0701",1,0.04
"SPO0702",0.99,0.04
"SPO0703",0.97,0.03
"SPO0704",0.94,0.04
"SPO0705",1.01,0.02
"SPO0706",1.02,0.01
"SPO0707",0.88,0.04
"SPO0708",0.9,0.03
"SPO0710",1.05,0.04
"SPO0711",0.88,0.01
"SPO0712",0.89,0.09
"SPO0713",1.05,0.04
"SPO0714",0.42,0.42
"SPO0715",0.34,0.14
"SPO0716",1.01,0.02
"SPO0717",1.05,0.02
"SPO0718",0.92,0.13
"SPO0721",0.8,0.29
"SPO0722",0.74,0.32
"SPO0723",1.11,0.05
"SPO0724",0.96,0.01
"SPO0725",0.9,0.09
"SPO0727",0.74,0.25
"SPO0728",0.98,0.01
"SPO0729",0,NA
"SPO0732",0,NA
"SPO0733",1.05,0.03
"SPO0734",0.95,0.08
"SPO0735",1.06,0.02
"SPO0736",0.95,0
"SPO0737",1.01,0.11
"SPO0738",1.01,0.03
"SPO0739",1.03,0.04
"SPO0740",1,0.02
"SPO0741",0.97,0.03
"SPO0742",1,0.02
"SPO0743",0.8,0.05
"SPO0744",0.97,0.02
"SPO0745",0.95,0.01
"SPO0746",0.97,0.02
"SPO0747",0.98,0.04
"SPO0748",0.95,0.1
"SPO0749",0.96,0.02
"SPO0750",1.02,0.04
"SPO0751",1.01,0.03
"SPO0752",1.05,0.02
"SPO0753",1,0.01
"SPO0754",1.06,0.02
"SPO0755",1.05,0.02
"SPO0756",1.07,0.05
"SPO0757",1.07,0.01
"SPO0758",1.1,0.01
"SPO0759",0.97,0.06
"SPO0760",0.81,0.01
"SPO0761",0.94,0.04
"SPO0762",1.11,0.13
"SPO0763",1.05,0.04
"SPO0764",0.9,0.04
"SPO0765",0.95,0.05
"SPO0766",0.88,0.13
"SPO0767",0.79,0.23
"SPO0768",0.88,0.13
"SPO0769",1.01,0.04
"SPO0770",0.96,0.06
"SPO0771",0.96,0.05
"SPO0772",1.03,0.06
"SPO0773",1.1,0.08
"SPO0774",0.96,0.03
"SPO0775",1.01,0.05
"SPO0776",1.02,0.11
"SPO0777",0.6,0.24
"SPO0778",0.84,0.06
"SPO0779",0,0
"SPO0780",0.96,0.05
"SPO0781",1.32,NA
"SPO0782",0.88,0.03
"SPO0783",0.8,0.05
"SPO0784",1,0.11
"SPO0785",0.7,0.26
"SPO0786",1.01,0.05
"SPO0787",0.87,0.09
"SPO0788",0.84,0.03
"SPO0789",1.11,0.1
"SPO0790",1.06,0.13
"SPO0791",1.07,0.03
"SPO0792",1.02,0.06
"SPO0793",0.93,0.03
"SPO0794",0.86,0.03
"SPO0795",1.03,0.1
"SPO0796",0.94,0.08
"SPO0797",0.98,0.04
"SPO0798",0.94,0.05
"SPO0799",0.7,0.31
"SPO0800",0.78,0.05
"SPO0801",0.98,0.03
"SPO0803",0.86,0.04
"SPO0806",0,0
"SPO0807",0.87,0.11
"SPO0808",0.29,0.18
"SPO0809",1.02,0.06
"SPO0810",1.03,0.02
"SPO0811",1.15,0.22
"SPO0812",0,NA
"SPO0813",0.91,0.04
"SPO0814",0.98,0.05
"SPO0816",0.94,0.08
"SPO0817",0.66,0.22
"SPO0818",0.91,0.02
"SPO0819",0.9,0.09
"SPO0820",1.02,0.03
"SPO0821",1,0.02
"SPO0822",0.99,0.04
"SPO0823",0.98,0.09
"SPO0824",0.99,0.05
"SPO0825",0.93,0.04
"SPO0826",0.96,0.04
"SPO0827",0.97,0.05
"SPO0828",0.93,0.07
"SPO0829",0.96,0.03
"SPO0830",0.98,0.06
"SPO0831",0.96,0.09
"SPO0832",1,0.01
"SPO0833",1.08,0.02
"SPO0834",1,0.02
"SPO0835",1.09,0.02
"SPO0836",1.08,0
"SPO0837",0.85,0.02
"SPO0839",1,0.08
"SPO0840",0.96,0.02
"SPO0841",1.01,0.03
"SPO0842",1.01,0.05
"SPO0844",1,0.04
"SPO0845",0.96,0.03
"SPO0847",0.94,0.03
"SPO0848",1,0.03
"SPO0849",0.95,0.01
"SPO0850",1.05,0.12
"SPO0851",0.57,0.29
"SPO0852",0.92,0.09
"SPO0853",1.06,0.05
"SPO0854",0.84,0.15
"SPO0855",1.03,0.08
"SPO0856",1.02,0.03
"SPO0857",0.98,0.06
"SPO0858",1.06,0.04
"SPO0859",1.15,0.09
"SPO0860",0.61,0.21
"SPO0861",1.05,0.07
"SPO0862",0.85,0.03
"SPO0863",1.03,0.12
"SPO0864",1.08,0.04
"SPO0865",1.07,0.03
"SPO0866",0.88,0.16
"SPO0867",1,0.05
"SPO0868",0.96,0.04
"SPO0869",0.86,0.02
"SPO0870",0.99,0.05
"SPO0872",0.97,0.03
"SPO0873",0.85,0.11
"SPO0874",1.01,0.05
"SPO0875",0.63,0.04
"SPO0876a",0.96,0.06
"SPO0877",0.97,0.06
"SPO0878",1.06,0.05
"SPO0879",0.87,0.06
"SPO0880",1.02,0.06
"SPO0881",0.95,0.01
"SPO0882",0.98,0.05
"SPO0883",1,0.01
"SPO0884",1.03,0.04
"SPO0885",1.11,0.12
"SPO0887",1.04,0.01
"SPO0888",1.02,0.03
"SPO0889",1,0.07
"SPO0890",0.79,0.31
"SPO0891",1.07,0.04
"SPO0892",0.2,0.06
"SPO0893",0.14,0.14
"SPO0894",1.1,0.05
"SPO0895",0.92,0.04
"SPO0897",1.04,0.02
"SPO0898",1.08,0.02
"SPO0899",1.02,0.03
"SPO0900",0.12,0.07
"SPO0901",1.02,0.03
"SPO0902",0.92,0.11
"SPO0903",0,0
"SPO0904",0.6,0.06
"SPO0905",1,0.05
"SPO0906",1.05,0.04
"SPO0907",0,NA
"SPO0910",1.09,0.01
"SPO0911",0.38,0.04
"SPO0912",0.46,0.27
"SPO0913",1.05,0.01
"SPO0914",1.11,0.06
"SPO0915",1.01,0.03
"SPO0916",0.86,0.06
"SPO0917",0.94,0.06
"SPO0918",1.01,0.02
"SPO0919",1.22,0.09
"SPO0920",0.92,0.08
"SPO0921",0.98,0.01
"SPO0922",1.06,0.1
"SPO0923",1.09,NA
"SPO0925",1.02,0.1
"SPO0927",1,0.05
"SPO0928",1.05,0.06
"SPO0929",1.21,0.08
"SPO0930",1,0.08
"SPO0931",0.9,0.53
"SPO0932",0.14,0.14
"SPO0933",0.9,0.08
"SPO0934",1.08,0.03
"SPO0935",1.1,0.04
"SPO0936",0.91,0.23
"SPO0937",0.98,0.03
"SPO0939",1.08,0.05
"SPO0940",1.09,0.07
"SPO0941",0.98,0.33
"SPO0942",1.07,0.03
"SPO0943",0.51,0.22
"SPO0944",1.04,0.01
"SPO0945",1.1,0.01
"SPO0946",0.74,0.03
"SPO0948",0.93,0.06
"SPO0949",1,0.03
"SPO0950",0.81,0.16
"SPO0951",1.1,0.07
"SPO0952",0.97,0.07
"SPO0953",1.03,0.04
"SPO0954",0.69,0.26
"SPO0955",1.06,0.01
"SPO0957",1.1,0.08
"SPO0958",0.92,0.05
"SPO0959",1.02,0.05
"SPO0960",1.29,0.24
"SPO0961",0.9,NA
"SPO0962",0.07,0.07
"SPO0964",0.9,0.05
"SPO0965",1.01,0.12
"SPO0966",1,0.06
"SPO0967",1,0.02
"SPO0968",1.06,0.04
"SPO0970",0.96,0.05
"SPO0971",0.96,0.04
"SPO0972",1.01,0.07
"SPO0973",0.6,0.3
"SPO0974",0.91,0.02
"SPO0975",1.04,0.1
"SPO0976",1.15,0.07
"SPO0977",1.08,0.05
"SPO0978",0.97,0.03
"SPO0980",1.1,0.03
"SPO0981",0.92,0.05
"SPO0982",1.04,0.05
"SPO0983",0.81,0.04
"SPO0984",0.96,0.02
"SPO0985",0.83,0.06
"SPO0986",1.02,0.02
"SPO0987",0.76,0.07
"SPO0988",0.88,0.08
"SPO0989",1.03,0.03
"SPO0990",1.01,0.03
"SPO0991",0.98,0.09
"SPO0992",1.12,0.09
"SPO0993",0.96,0.06
"SPO0995",1.22,0.08
"SPO0996",0.98,0.05
"SPO0997",0.96,0.03
"SPO0998",0.93,0.02
"SPO0999",1.02,0.03
"SPO1000",0.91,0.07
"SPO1001",0.81,0.03
"SPO1002",0.98,0.05
"SPO1003",0,0
"SPO1004",0,0
"SPO1005",0.96,0.01
"SPO1006",0.95,0.03
"SPO1007",1.16,0.03
"SPO1008",1.22,0.07
"SPO1009",0.94,0.04
"SPO1012",1.05,0.07
"SPO1013",0.98,0.06
"SPO1014",1,0.06
"SPO1015",0.99,0.18
"SPO1016",0.96,0.02
"SPO1017",1.02,0.17
"SPO1018",1.01,0.1
"SPO1019",1.05,0.21
"SPO1020",0.97,0.08
"SPO1021",0.93,0.03
"SPO1022",1.06,0.07
"SPO1024",0.85,0.06
"SPO1025",0.91,0.05
"SPO1026",1.07,0.03
"SPO1027",1.03,0.04
"SPO1028",1.08,0.08
"SPO1029",1,0.03
"SPO1030",0.95,0.04
"SPO1031",1.05,0.07
"SPO1032",0.94,0.09
"SPO1033",0.12,0.11
"SPO1034",1.03,0.02
"SPO1036",0.95,0.02
"SPO1037",0.97,0.01
"SPO1038",0.93,0.31
"SPO1039",0.95,0.06
"SPO1040",1.08,0.08
"SPO1041",0.82,0.13
"SPO1042",0.84,0.06
"SPO1043",0.92,0.1
"SPO1044",0.93,0.06
"SPO1044a",0.92,0.06
"SPO1045",1.02,0.01
"SPO1046",1,0.01
"SPO1047",0.98,0.01
"SPO1048",0.97,0.03
"SPO1049",1.09,NA
"SPO1050",0.95,0.04
"SPO1051",0.88,0.09
"SPO1052",0.94,0.02
"SPO1053",1.04,0.03
"SPO1054",0.56,0.27
"SPO1055",0.99,0.06
"SPO1056",0.97,0.05
"SPO1057",0.94,0.06
"SPO1058",1,0.03
"SPO1059",0.98,0.02
"SPO1060",0.97,0.04
"SPO1061",0.96,0.02
"SPO1062",0.91,0.02
"SPO1063",1,0.02
"SPO1064",0.98,0.06
"SPO1065",0.9,0.04
"SPO1066",1.05,0.04
"SPO1067",1.01,0.05
"SPO1068",1,0.05
"SPO1069",0.97,0.07
"SPO1070",0.98,0.02
"SPO1071",1,0.05
"SPO1072",1.01,0.16
"SPO1073",1.09,0.08
"SPO1074",0.85,0.13
"SPO1075",1,NA
"SPO1076",0.99,0.03
"SPO1077",1.07,0.04
"SPO1078",0.81,0.16
"SPO1079",0.85,0.34
"SPO1080",1.1,0.11
"SPO1081",1.04,0.03
"SPO1082",1.15,0.34
"SPO1083",1.03,0.04
"SPO1084",0.97,0.07
"SPO1085",0.93,0.02
"SPO1086",0.88,0.14
"SPO1087",0.96,0.05
"SPO1088",0.98,0.04
"SPO1089",1.03,0.03
"SPO1090",1.01,0.03
"SPO1091",0.56,0.3
"SPO1092",1.03,0.04
"SPO1093",0.97,0.05
"SPO1094",0.16,0.16
"SPO1094a",1.06,0.02
"SPO1095",1,0.04
"SPO1097",0.41,0.15
"SPO1098",0.76,0.05
"SPO1101",0.22,0.15
"SPO1102",0,NA
"SPO1103",0.99,0.04
"SPO1104",1.05,0.07
"SPO1106",1.06,0.09
"SPO1107",0.98,0.04
"SPO1108",1,0.07
"SPO1109",0.91,0.02
"SPO1110",1.05,0.07
"SPO1111",0.99,0.19
"SPO1112",0.96,0.06
"SPO1113",0.99,0.03
"SPO1114",1,0.03
"SPO1115",1.03,0.02
"SPO1116",1.01,0.01
"SPO1117",0.5,0.06
"SPO1119",1.07,0.03
"SPO1120",0.66,0.08
"SPO1122",0.89,0.1
"SPO1125",0.86,0.3
"SPO1126",1.08,0.03
"SPO1127",0.98,0.05
"SPO1128",1.1,0.05
"SPO1129",1.01,0.05
"SPO1130",1.17,0.18
"SPO1131",1.07,0.04
"SPO1132",0.97,0.04
"SPO1133",0.9,0.07
"SPO1134",1.01,0.14
"SPO1135",1.1,0.03
"SPO1136",0.94,0.05
"SPO1137",0.88,0.04
"SPO1138",0.76,0.11
"SPO1139",1.01,0.04
"SPO1140",0.91,0.07
"SPO1141",1.03,0.17
"SPO1142",0.92,0.02
"SPO1143",0.83,0.07
"SPO1144",0.94,0.12
"SPO1145",0.98,0.04
"SPO1146",0.9,0.03
"SPO1147",0.9,0.03
"SPO1148",1.01,0.06
"SPO1150",1.18,0.07
"SPO1151",1.08,0.42
"SPO1152",1.09,0.03
"SPO1153",1.02,0.11
"SPO1154",1.02,0.07
"SPO1155",0.05,0.05
"SPO1159",0.9,0.11
"SPO1160",0.95,0.05
"SPO1161",0.98,0.02
"SPO1164",1.05,0.13
"SPO1165",0.96,0.14
"SPO1166",1.02,0.06
"SPO1168",0.72,0.37
"SPO1171",1.06,0.02
"SPO1172",1.18,0.05
"SPO1173",1.07,0.06
"SPO1174",0.97,0.06
"SPO1175",0.98,0.08
"SPO1176",1,0.02
"SPO1181",1.1,0.16
"SPO1185",1.02,0.01
"SPO1186",0.8,0.02
"SPO1188",1,0.06
"SPO1189",1.02,0.02
"SPO1190",0.86,0.14
"SPO1191",0.74,0.14
"SPO1192",0.6,0.4
"SPO1194",0.71,NA
"SPO1197",1.08,0.05
"SPO1199",0.94,0.23
"SPO1204",0.98,0.06
"SPO1206",0.72,0.12
"SPO1207",1.06,0.02
"SPO1208",1.18,0.22
"SPO1209",1.04,0.03
"SPO1210",1.06,0.03
"SPO1211",1.07,0.02
"SPO1212",1.03,0.01
"SPO1213",0.98,0.02
"SPO1214",0.98,0.03
"SPO1215",0.97,0.08
"SPO1216",0.84,0.04
"SPO1217",0.89,0.01
"SPO1218",0.94,0.02
"SPO1219",1.06,0
"SPO1220",0.94,0.01
"SPO1221",0.99,0
"SPO1222",0.92,0.02
"SPO1223",0.93,0.05
"SPO1224",0.91,0.02
"SPO1225",0.75,0.16
"SPO1226",0.93,0.01
"SPO1226a",0.93,0.03
"SPO1227",0.95,0.01
"SPO1228",0.91,0.03
"SPO1229",0.94,0.03
"SPO1230",0.97,0.01
"SPO1231",0.9,0.02
"SPO1232",0.88,0.04
"SPO1233",0.9,0.02
"SPO1234",1.01,0.01
"SPO1235",0.98,0
"SPO1236",0.96,0.01
"SPO1237",0.94,0.01
"SPO1240",0.44,0.1
"SPO1241",1.11,0.01
"SPO1243",1.04,0.05
"SPO1244",1.21,0.16
"SPO1245",1.04,0.03
"SPO1246",0.56,0.14
"SPO1247",0.87,0.07
"SPO1249",1.08,0.01
"SPO1250",1.21,0.14
"SPO1251",0.98,0.05
"SPO1252a",1.08,0.06
"SPO1254",1.04,0.03
"SPO1255",1.11,0.03
"SPO1256",0.94,0.07
"SPO1257",1.03,0.02
"SPO1259",1,0.06
"SPO1260",1.06,0.06
"SPO1261",1.33,NA
"SPO1262",0.94,0.03
"SPO1263",1.14,0.1
"SPO1264",0.89,0.01
"SPO1265",0,0
"SPO1267",1.04,0.04
"SPO1268",0.99,0.16
"SPO1270",0.88,0.09
"SPO1271",1.03,0.02
"SPO1272",1.04,0.03
"SPO1274",0.99,0.02
"SPO1275",1.08,0.1
"SPO1276",0.31,0.31
"SPO1277",1.04,0.01
"SPO1278",1.02,0.04
"SPO1279",1.04,0.08
"SPO1280",0.97,0.06
"SPO1284",1.07,0.02
"SPO1285",1.02,0.05
"SPO1286",1.02,0.05
"SPO1287",0.96,0.13
"SPO1288",0.88,0.02
"SPO1289",0.99,0.06
"SPO1290",1.02,0.06
"SPO1291",0.99,0.06
"SPO1292",0.25,0.25
"SPO1293",1.04,0.05
"SPO1294",1.02,0.02
"SPO1295",1.01,0.01
"SPO1298",1.02,0.05
"SPO1299",0.98,0.05
"SPO1300",1.03,0.01
"SPO1301",1.02,0.03
"SPO1302",0.97,0.03
"SPO1303",1.02,0.05
"SPO1304",0.95,0.07
"SPO1305",0.96,0.02
"SPO1306",0.94,0.07
"SPO1307",1.1,0.06
"SPO1308",1.07,0.05
"SPO1309",0.9,0.19
"SPO1310",0.96,0.02
"SPO1310a",0.63,0.1
"SPO1311",1.01,0.02
"SPO1312",1.1,0
"SPO1314",1.06,0.03
"SPO1315",1.07,0.04
"SPO1316",1.07,0.13
"SPO1318",0,0
"SPO1319",0.86,0.08
"SPO1320",0.8,0.06
"SPO1321",0.96,0.23
"SPO1322",1.08,0.02
"SPO1323",0.99,0.04
"SPO1324",1.09,0.19
"SPO1325",0.78,0.1
"SPO1327",0.93,0.03
"SPO1328",0.9,0.05
"SPO1329",0.35,0.12
"SPO1330",0.26,0.15
"SPO1331",0.95,0.01
"SPO1332",0,NA
"SPO1333",0.96,0.04
"SPO1334",0.9,0.09
"SPO1335",0.76,0.32
"SPO1337",0.97,0.04
"SPO1337a",0.83,NA
"SPO1339",0.47,0.47
"SPO1340",0.97,0.07
"SPO1342",0.85,0.08
"SPO1343",0.94,0.04
"SPO1344",0,NA
"SPO1345",0.11,0.11
"SPO1346",1.05,0.11
"SPO1347",1.01,0.04
"SPO1349",1.15,0.05
"SPO1351",0,0
"SPO1352a",1.23,0.07
"SPO1354",0.89,0.06
"SPO1356",1.12,0.08
"SPO1356a",0.61,0.09
"SPO1357",1.06,0.09
"SPO1358",1.02,NA
"SPO1359",0.88,0.03
"SPO1360",1.11,0.05
"SPO1361",1.09,0.09
"SPO1364a",0.98,0.11
"SPO1365",1.05,0.04
"SPO1366",0.01,0.01
"SPO1367",0,0
"SPO1368",0.55,0.2
"SPO1369",0.92,0.04
"SPO1370",1.02,0.05
"SPO1372",1,0.02
"SPO1373",0.97,0.02
"SPO1374",1.18,0.08
"SPO1375",1.12,0.08
"SPO1376",1.06,0.05
"SPO1379",0.95,0.12
"SPO1380",0.93,0.01
"SPO1381",0.75,0.39
"SPO1382",0.98,0.03
"SPO1383",0.62,0.02
"SPO1384",0.8,0.11
"SPO1385",0.91,0.04
"SPO1387",1.1,0.02
"SPO1388",1,0.08
"SPO1390",0,NA
"SPO1392",1.22,0.6
"SPO1393",0.85,NA
"SPO1394",0.95,0.04
"SPO1395",0.57,0.4
"SPO1396",0.88,0.07
"SPO1397",1.02,0.05
"SPO1398",1.01,0.02
"SPO1399",0.91,0.04
"SPO1400",0.65,0.26
"SPO1401",0.73,0.09
"SPO1404",1.03,0.04
"SPO1405",0.92,0.03
"SPO1406",1.06,0.02
"SPO1407",0.88,0.07
"SPO1408",0.96,0.05
"SPO1409",1.22,0.08
"SPO1410",1.04,0.02
"SPO1411",1,0.04
"SPO1412",1.05,0.01
"SPO1412a",1.04,0
"SPO1413",1.07,0.02
"SPO1414",1.05,0.03
"SPO1415",0.57,0.32
"SPO1416",0.66,0.33
"SPO1417",0.88,0.07
"SPO1421",0.92,0.03
"SPO1424",0.9,0.05
"SPO1425",0.47,0.24
"SPO1426",1.05,0.03
"SPO1427",1.06,0.05
"SPO1429",1.04,0.05
"SPO1430",1,0.1
"SPO1431",0.99,0.02
"SPO1432",0.98,0.08
"SPO1433",0.81,0.05
"SPO1435",0.95,0.07
"SPO1436",0.98,0.04
"SPO1437",0.84,0.3
"SPO1438",0.92,0.13
"SPO1439",1.04,0.04
"SPO1440",1.06,0.08
"SPO1441",1.03,0.08
"SPO1442",1.04,0.02
"SPO1443",0.7,0.03
"SPO1444",0.95,0.07
"SPO1445",1.12,0.1
"SPO1446",1.18,0.14
"SPO1447",0.98,0.04
"SPO1448",0.98,0.06
"SPO1449",0.94,0.09
"SPO1450",0.96,0.05
"SPO1451",0.69,0.31
"SPO1452",1,0.08
"SPO1453",1.13,0.06
"SPO1454",1.06,0.03
"SPO1456",0.99,0.1
"SPO1457",0.7,0.23
"SPO1459",1.01,0.02
"SPO1460",1.05,0.12
"SPO1461",1,0.04
"SPO1462",0.97,0.02
"SPO1463",0.75,0.13
"SPO1464",1.04,0.15
"SPO1465",0.89,0.11
"SPO1466",1.15,0.4
"SPO1468",0.95,0.09
"SPO1469",1.08,0.17
"SPO1470",0.86,0.04
"SPO1471",0.94,0.1
"SPO1472",1.02,0.03
"SPO1473",0.71,0.26
"SPO1474",0.69,0.35
"SPO1475",1.11,0.1
"SPO1476",0.78,0.08
"SPO1477",0.98,0.06
"SPO1478",0.76,0.14
"SPO1479",0.8,0.08
"SPO1480",0.73,NA
"SPO1481",0.45,0.17
"SPO1482",0.85,0.02
"SPO1483",0.96,0.05
"SPO1484",0,NA
"SPO1485",0.83,0.12
"SPO1486",0.85,0.03
"SPO1488",0.98,0.09
"SPO1489",0.92,0.05
"SPO1490",0.95,0.08
"SPO1491",0.92,0.13
"SPO1492",0.92,0.04
"SPO1493",0.99,0.02
"SPO1494",1.27,0.13
"SPO1495",0.68,0.28
"SPO1496",0.75,0.07
"SPO1497",0.77,0.11
"SPO1498",0.95,0.04
"SPO1499",0.91,0.15
"SPO1501",1.09,0.02
"SPO1502",0.69,0.25
"SPO1503",0.95,0.07
"SPO1505",0.88,0.07
"SPO1506",0.85,0.05
"SPO1507",0.86,0.21
"SPO1508",1.02,0.1
"SPO1510",0.9,0.06
"SPO1513",0.94,0.09
"SPO1514",0.77,0.28
"SPO1515",0.96,0.04
"SPO1516",0.81,0.13
"SPO1517",0.92,0.03
"SPO1518",0,0
"SPO1519",1.07,0.02
"SPO1520",1.12,0.18
"SPO1521",1.03,0.03
"SPO1522",0.58,0.34
"SPO1524",0,NA
"SPO1525",0.85,0.14
"SPO1526",1.45,NA
"SPO1527",1.09,0.21
"SPO1529",0.83,0.12
"SPO1530",0.93,0.14
"SPO1531",1.21,NA
"SPO1532",0.96,0.06
"SPO1533",0.8,0.28
"SPO1534",1.12,0.07
"SPO1535",0.99,0.13
"SPO1536",0.75,0.15
"SPO1538",0.8,0.18
"SPO1539",0.91,0.09
"SPO1540",0.88,0.14
"SPO1541",1.33,0.07
"SPO1542",0.89,0.12
"SPO1543",0.96,0.03
"SPO1544",0.85,0.04
"SPO1545",1.03,0.05
"SPO1546",0.98,0.09
"SPO1547",1,0.09
"SPO1548",0.99,0.11
"SPO1549",1.26,0.07
"SPO1550",0.8,0.11
"SPO1551",1.04,0.02
"SPO1552",0.97,0.06
"SPO1553",0.74,0.13
"SPO1554",0.97,0.05
"SPO1555",1.08,0.01
"SPO1556",0.98,0.02
"SPO1557",1.06,0.02
"SPO1558",1.04,0.08
"SPO1559",1.03,0.03
"SPO1560",0.96,0.09
"SPO1561",1,0.08
"SPO1562",0.99,0.06
"SPO1563",0.83,NA
"SPO1564",1.13,0.08
"SPO1565",0.96,0.13
"SPO1566",1.09,0.06
"SPO1567",1.02,0.08
"SPO1568",0.93,0.08
"SPO1569",0.79,0.27
"SPO1570",0.82,0.05
"SPO1571",0.83,0.11
"SPO1572",1.04,0.01
"SPO1573",0.76,0.14
"SPO1574",0.93,0.04
"SPO1575",0.87,0.08
"SPO1576",0.92,0.02
"SPO1578",1.01,0.06
"SPO1579",0.86,0.1
"SPO1580",1.01,0.12
"SPO1581",1.05,0.14
"SPO1582",0.42,0.17
"SPO1584",1.08,0.12
"SPO1585",1,0.04
"SPO1586",1.08,0.03
"SPO1587",0.75,0.12
"SPO1588",1.13,0.08
"SPO1589",0.99,0.06
"SPO1590",0.98,0.02
"SPO1591",1.15,0.03
"SPO1592",0.98,0.02
"SPO1593",0.92,0.11
"SPO1594",1.26,0.06
"SPO1595",0.61,0.3
"SPO1596",1.18,0.1
"SPO1597",1.01,0.12
"SPO1598",1.16,0.07
"SPO1599",0.72,0.25
"SPO1600",0.99,0.11
"SPO1601",0.87,0.14
"SPO1602",0.99,0.08
"SPO1603",0.88,NA
"SPO1604",0.4,0.23
"SPO1605",0.9,0.09
"SPO1606",0.91,0.06
"SPO1607",1.01,0.13
"SPO1608",0.95,0.06
"SPO1609",0.89,0.04
"SPO1610",0.9,0.05
"SPO1611",1.08,0.35
"SPO1612",0.95,0.05
"SPO1614",1.06,0.08
"SPO1615",1.05,0.06
"SPO1616",0.84,0.11
"SPO1617",0.99,0.05
"SPO1620",0.61,0.22
"SPO1621",0,0
"SPO1622",0.99,0.05
"SPO1623",0.89,0.3
"SPO1624",0.9,0.13
"SPO1625",1.07,0.06
"SPO1626",0.95,0.01
"SPO1627",0.73,0.37
"SPO1628",0.85,0.09
"SPO1629",1.08,0.09
"SPO1630",1.26,0.26
"SPO1633",0.74,0.11
"SPO1636",1.15,0.19
"SPO1638",1.06,0.06
"SPO1639",0.68,0.25
"SPO1640",1.02,0.01
"SPO1641",0.96,0.04
"SPO1642",0.94,0.03
"SPO1643",0.88,0.06
"SPO1644",0.88,0.04
"SPO1646",1.04,0.12
"SPO1647",0.94,0.03
"SPO1648",0.89,0.04
"SPO1649",1.12,0.09
"SPO1651",1,0.02
"SPO1652",0.91,0.05
"SPO1655",0.98,0.03
"SPO1656",0.94,0.01
"SPO1657",0.95,0.06
"SPO1658",0.96,0.11
"SPO1659",0.98,0.05
"SPO1660",0.92,0.05
"SPO1663",1.01,0.09
"SPO1667",0.71,NA
"SPO1668",1.05,0.05
"SPO1676",1.03,0.02
"SPO1677",0.43,0.25
"SPO1678",1.03,0.07
"SPO1679",1.01,0.05
"SPO1681",0.97,0.05
"SPO1682",0.89,0.06
"SPO1683",0.77,0.12
"SPO1685",1,0.05
"SPO1686",1.02,0.11
"SPO1687",1.02,0.02
"SPO1688",0.98,0.07
"SPO1689",1.08,0.07
"SPO1690",1.1,0.02
"SPO1693",1.06,0.01
"SPO1694",1.01,0.01
"SPO1695",1,0.04
"SPO1696",0.9,0.04
"SPO1697",0.95,0.03
"SPO1698",0.95,0.04
"SPO1699",0.94,0.05
"SPO1700",1,0.04
"SPO1701",1,0.04
"SPO1702",0.98,0.03
"SPO1703",0.96,0.03
"SPO1704",0.96,0.03
"SPO1705",0.96,0.02
"SPO1707",1.07,0.03
"SPO1707a",0.7,0.14
"SPO1708",1.02,0.14
"SPO1709",0.93,0.03
"SPO1710",1.05,0.05
"SPO1711",0.9,0.05
"SPO1713",0.53,0.3
"SPO1714",0.9,0.1
"SPO1715",0.99,0.12
"SPO1716",0.92,0.04
"SPO1717",0.8,0.04
"SPO1718",0.89,0.03
"SPO1719",0.69,0.15
"SPO1720",0.92,0.15
"SPO1721",0.93,0.06
"SPO1722",0.92,0.06
"SPO1723",1.26,0.02
"SPO1724",0.92,0.09
"SPO1725",1.12,0.03
"SPO1727",1.11,0.05
"SPO1728",1.05,0.18
"SPO1729",0,0
"SPO1732",1.03,NA
"SPO1734",0,0
"SPO1735",0.82,0.22
"SPO1736",0.88,0.05
"SPO1737",0.61,0.32
"SPO1738",1.11,0.07
"SPO1740",1,0.03
"SPO1741",0.9,0.08
"SPO1742",0.92,0.01
"SPO1743",1.11,0.1
"SPO1744",0.92,0.01
"SPO1745",1.01,0.1
"SPO1746",1,0.01
"SPO1747",0.37,NA
"SPO1748",1.26,0.05
"SPO1751",1.02,0.04
"SPO1752",0.85,NA
"SPO1755",0.93,0.04
"SPO1756",1.14,0.03
"SPO1757",1.08,0.04
"SPO1761",0.99,0.06
"SPO1762",1.11,0.05
"SPO1763",0.77,0.77
"SPO1764",0.88,0.12
"SPO1765",0.85,0.17
"SPO1766",1.02,0.07
"SPO1767",1.14,0.09
"SPO1769",0.94,0.09
"SPO1770",0.89,0.07
"SPO1771",1.01,0.03
"SPO1772",1.16,0.03
"SPO1773",0.89,0.08
"SPO1774",1.04,0.06
"SPO1775",0.88,0.05
"SPO1776",1.05,0.03
"SPO1777",1.09,0.03
"SPO1779",0.95,0.19
"SPO1780",1.08,0.04
"SPO1781",1.02,0.08
"SPO1782",1.07,0.05
"SPO1783",0.96,0.04
"SPO1784",0.76,0.25
"SPO1785",1.04,0.07
"SPO1786",0.9,0.04
"SPO1787",1.05,0.04
"SPO1788",1.21,0.07
"SPO1789",0.95,0.11
"SPO1790",1,0.05
"SPO1791",1.05,0.08
"SPO1792",0.92,0.16
"SPO1793",0.94,0.08
"SPO1794",1.13,0.05
"SPO1795",0.38,0.21
"SPO1796",0.95,0.03
"SPO1798",0.87,0.08
"SPO1799",0.71,0.71
"SPO1800",0.96,0.07
"SPO1801",1.05,0.07
"SPO1804",1.1,0.07
"SPO1806",1.02,0.04
"SPO1807",1.13,0.08
"SPO1808",0.96,0.15
"SPO1809",1.02,0.08
"SPO1810",0.95,0.06
"SPO1812",0.93,0.08
"SPO1813",0.92,0.08
"SPO1814",1.16,0.03
"SPO1815",0.98,0.03
"SPO1816",1.09,0.01
"SPO1817",0.59,0.2
"SPO1818",0.89,0.05
"SPO1819",1.07,0.42
"SPO1820",0.78,0.12
"SPO1822",1.04,0.11
"SPO1823",0.88,0.17
"SPO1825",0.94,0.06
"SPO1826",1.17,0.09
"SPO1828",1.03,0.05
"SPO1829",0.74,0.29
"SPO1830",1.16,0.02
"SPO1831",1.1,0.06
"SPO1832",1.06,0.04
"SPO1833",1.02,0.03
"SPO1834",1,0.02
"SPO1835",1.06,0.15
"SPO1836",1.07,0.06
"SPO1837",0.95,0.06
"SPO1838",0.76,0.04
"SPO1839",0.97,0.03
"SPO1840",1.02,0.03
"SPO1841",1.01,0.03
"SPO1842",0,NA
"SPO1843",1.11,0.09
"SPO1844",0.44,0.44
"SPO1845",0.96,0.04
"SPO1846",1.02,0.04
"SPO1847",0.96,0.01
"SPO1848",0.93,0.03
"SPO1849",0.88,0.08
"SPO1850",1.03,0.12
"SPO1851",0.81,0.27
"SPO1852",1.08,0.05
"SPO1853",1.15,0.22
"SPO1854",0.98,0.03
"SPO1855",1.09,0.06
"SPO1856",0.96,0.13
"SPO1857",0.97,0.09
"SPO1858",0.5,0.29
"SPO1859",1.23,0.09
"SPO1860",1.02,0.04
"SPO1861",0.86,0.13
"SPO1862",0.91,0.03
"SPO1863",0.33,0.11
"SPO1865",1.26,NA
"SPO1866",1.16,0.06
"SPO1868",0,0
"SPO1869",0.51,0.29
"SPO1870",0.05,0.04
"SPO1871",1.02,0.03
"SPO1873",1.09,0
"SPO1874",1.06,0.02
"SPO1875",0.82,0.05
"SPO1876",1.03,0.01
"SPO1878",1.01,0.04
"SPO1879",1.03,NA
"SPO1882",1.09,0.13
"SPO1883",0.95,0.05
"SPO1884",0,0
"SPO1885",0.98,0.08
"SPO1886",1,0.06
"SPO1887",0.18,0.15
"SPO1888",0.14,0.14
"SPO1889",0.3,0.12
"SPO1890",0.18,0.18
"SPO1891",1.11,0.18
"SPO1893",1.13,0.05
"SPO1897",1.09,0.08
"SPO1898",1.15,0.05
"SPO1900",0.78,0.1
"SPO1901",1.16,0.09
"SPO1902",1.19,0.08
"SPO1903",0.86,0.1
"SPO1905",0.96,0.06
"SPO1906",0.99,0.09
"SPO1907",1.01,0.03
"SPO1908",1.08,0.04
"SPO1909",0.97,0.05
"SPO1911",0.9,0.04
"SPO1912",0.99,0.07
"SPO1913",0.96,0.07
"SPO1914",0.96,0.07
"SPO1915",1.11,0.15
"SPO1916",1.06,0.01
"SPO1917",1.04,0.03
"SPO1918",0.99,0.06
"SPO1919",1.04,0.03
"SPO1920",0.94,0.07
"SPO1921",0.45,0.17
"SPO1922",1.03,0.02
"SPO1923",1.13,0.02
"SPO1925",1,0.01
"SPO1926",1.02,0.01
"SPO1927",1.04,0.01
"SPO1928",1.13,0.02
"SPO1929",1.07,0.03
"SPO1931",1.08,0.09
"SPO1932",1.05,0.02
"SPO1933",0.84,0.04
"SPO1934",0.98,0.07
"SPO1935",0.99,0.03
"SPO1936",1.04,0.02
"SPO1937",0.99,0.07
"SPO1938",0.95,0.01
"SPO1939",1.08,0.04
"SPO1940",1.05,0.05
"SPO1941",1.02,0.05
"SPO1943",0.9,0.08
"SPO1944",0.65,0.22
"SPO1946",1.04,0.03
"SPO1947",1.02,0.02
"SPO1948",1.07,0.04
"SPO1949",1.09,0.02
"SPO1950",1.07,0.02
"SPO1951",1.02,0.01
"SPO1952",1.08,0.07
"SPO1953",0.99,0.11
"SPO1954",1.01,0.18
"SPO1955",1.01,0.05
"SPO1956",0.9,0.07
"SPO1957",1.03,0.05
"SPO1958",0.88,0.12
"SPO1959",1.11,0.07
"SPO1960",0.95,0.07
"SPO1961",1.03,0.08
"SPO1962",0.89,0.07
"SPO1963",0.79,0.08
"SPO1964",0.95,0.03
"SPO1966",0.74,0.13
"SPO1967",0.88,0.1
"SPO1969",1,0.08
"SPO1970",0.99,0.07
"SPO1971",0.98,0.04
"SPO1972",1.03,0.07
"SPO1973",0,0
"SPO1974",1.04,0.03
"SPO1975",1.2,0.1
"SPO1977",0.92,0.06
"SPO1978",1.01,0.01
"SPO1982",0.97,0.06
"SPO1983",1.07,0.03
"SPO1984",0.83,0.03
"SPO1985",0.88,0.07
"SPO1986",0.93,0.07
"SPO1987",1.12,0.1
"SPO1988",1.09,0.04
"SPO1991",0.98,0.03
"SPO1992",0.91,0.05
"SPO1994",1.08,0.16
"SPO1995",0.89,0.05
"SPO1996",0.97,0.04
"SPO1997",0.82,0.15
"SPO1998",0.94,0.04
"SPO1999",0.95,0.06
"SPO2000",0.46,0.46
"SPO2001",0.87,0.08
"SPO2002",1.13,0.1
"SPO2003",0.84,0.04
"SPO2004",0.99,0.05
"SPO2005",1.08,0.06
"SPO2006",0.95,0.06
"SPO2007",0.93,0.04
"SPO2008",0.98,0.01
"SPO2009",0.57,0.2
"SPO2010",1.02,0.08
"SPO2013",1.01,0.06
"SPO2015",0,0
"SPO2016",1.21,0.04
"SPO2019",1.03,NA
"SPO2021",0,NA
"SPO2023",1,NA
"SPO2024",0,NA
"SPO2025",1.12,0.07
"SPO2028",1.12,0.02
"SPO2029",1.03,0.06
"SPO2030",1.19,0.12
"SPO2031",1.01,0.02
"SPO2032",1.04,0.04
"SPO2034",0.88,0.06
"SPO2035",0.95,0.06
"SPO2036",0.99,0.03
"SPO2037",1.15,0.05
"SPO2038",1.05,0.02
"SPO2039",0.34,0.14
"SPO2040",0.95,0.05
"SPO2041",0.06,0.04
"SPO2042",0.88,0.45
"SPO2044",0.98,0.03
"SPO2045",1.02,0.02
"SPO2046",0.45,0.17
"SPO2047",0.38,0.37
"SPO2048",1.07,0.08
"SPO2049",1.02,0.01
"SPO2050",0.67,0.25
"SPO2052",0.98,0.05
"SPO2053",1.04,0.02
"SPO2055",1.07,0.06
"SPO2056",1.21,NA
"SPO2057",1.03,0.03
"SPO2058",0.96,0.06
"SPO2059",0.98,0.1
"SPO2060",1.01,0.11
"SPO2061",1.16,0.15
"SPO2062",1.05,0.03
"SPO2063",1.1,0.04
"SPO2064",1.03,0.02
"SPO2065",0.99,0.04
"SPO2066",0.6,0.25
"SPO2067",0.97,0.1
"SPO2068",0.96,0.02
"SPO2069",1.12,0.03
"SPO2070",1,0.12
"SPO2071",1.14,0.05
"SPO2072",0.93,0.05
"SPO2073",1.06,0.01
"SPO2074",0.98,0.03
"SPO2075",1.02,0.04
"SPO2077",0.82,0.07
"SPO2079",1.04,0.05
"SPO2080",1.01,0.04
"SPO2081",0.67,0.04
"SPO2082",1.09,NA
"SPO2084",0.97,0.03
"SPO2086",0.75,0.04
"SPO2087",0.06,0.06
"SPO2088",0.34,0.21
"SPO2089",0.7,0.07
"SPO2091",0.94,0.08
"SPO2092",1.1,0.17
"SPO2093",0.94,0.18
"SPO2094",1.01,0.04
"SPO2095",1.12,0.09
"SPO2096",1.11,NA
"SPO2097",1.01,0.04
"SPO2098",1.04,0.05
"SPO2099",1.07,0.01
"SPO2100",0.95,0.06
"SPO2101",0.99,0.02
"SPO2103",1.06,0.03
"SPO2104",0.91,0.07
"SPO2105",0.99,0.08
"SPO2106",0.98,0.07
"SPO2107",1.06,0.05
"SPO2108",1.08,0.01
"SPO2110",0.68,0.34
"SPO2111",0.95,0.06
"SPO2112",0.88,0.11
"SPO2116",1.03,0.05
"SPO2117",0.88,0.08
"SPO2118",1.02,0.01
"SPO2119",0.93,0.04
"SPO2120",1.11,0.05
"SPO2121",1.02,0.01
"SPO2122",1.01,0.11
"SPO2123",1.03,0.1
"SPO2124",0.98,0.08
"SPO2125",0.88,0.08
"SPO2127",0.98,0.07
"SPO2128",0.9,0.07
"SPO2129",0.94,0.2
"SPO2130",1.02,0.03
"SPO2132",1.05,0.03
"SPO2133",1.18,0.04
"SPO2134",0.98,0.05
"SPO2135",1.08,0.26
"SPO2136",0.95,0.02
"SPO2137",1.01,0.03
"SPO2139",1.01,0.11
"SPO2140",1.07,0.06
"SPO2142",0.86,0.08
"SPO2143",0.68,0.23
"SPO2144",1.07,0.05
"SPO2145",0.07,0.05
"SPO2146",0.07,0.07
"SPO2147",1.02,0.02
"SPO2148",1,0.02
"SPO2149",0,0
"SPO2150",0,0
"SPO2151",0,0
"SPO2152",0.62,0.21
"SPO2153",0.83,0.06
"SPO2155",0.82,0.18
"SPO2157",0.22,0.21
"SPO2158",1.01,0.03
"SPO2159",1.08,0.04
"SPO2160",0,0
"SPO2161",1.07,0.03
"SPO2163",0.98,0.13
"SPO2164",1.06,0.05
"SPO2166",1.08,0.03
"SPO2167",0.94,0.03
"SPO2168",0.21,0.12
"SPO2169",0.26,0.26
"SPO2170",1.02,0.06
"SPO2171",1.08,0.06
"SPO2173",0,0
"SPO2174",0.82,0.32
"SPO2176",0.86,0.05
"SPO2177",0.9,0.08
"SPO2178",0.93,0.03
"SPO2180",1.12,0.06
"SPO2182",0.9,0.1
"SPO2183",0.85,0.1
"SPO2184",0.96,0.09
"SPO2185",1.04,0.07
"SPO2186",1.02,0.03
"SPO2187",1.07,0.03
"SPO2188",0.86,0.08
"SPO2189",0.91,0.03
"SPO2191",0.97,0.05
"SPO2192",1.02,0.1
"SPO2192a",0.9,0.07
"SPO2193",1.05,0.03
"SPO2194",0.84,0.13
"SPO2195",1.02,0.08
"SPO2196",1.2,0.1
"SPO2197",1.06,0.04
"SPO2198",0.19,0.11
"SPO2201",0.99,0.06
"SPO2202",0.95,0.01
"SPO2203",1.09,0.02
"SPO2204",0.78,0.42
"SPO2205",0.86,0.06
"SPO2206",1,0.02
"SPO2207",0.89,0.05
"SPO2208",1.04,0.04
"SPO2209",1.02,0.02
"SPO2210",1,0
"SPO2211",1.01,0.01
"SPO2212",1.02,0.06
"SPO2213",1.08,0.03
"SPO2213a",0.99,0.05
"SPO2214",1.02,0.04
"SPO2215",0.93,0.1
"SPO2216",1.32,NA
"SPO2218",1,0.02
"SPO2219",0.98,0.13
"SPO2220",0.95,0.02
"SPO2221",0.94,0.02
"SPO2222",0.51,0.17
"SPO2223",0.78,0.11
"SPO2224",1.01,0.01
"SPO2225",1.04,0.04
"SPO2226",0.94,0.06
"SPO2227",0.83,0.06
"SPO2228",1.21,0.05
"SPO2229",1,0.02
"SPO2230",1.16,0.09
"SPO2231",1.08,0.05
"SPO2232",0.88,0.08
"SPO2233",1.07,0.04
"SPO2234",1.07,0.11
"SPO2235",0.33,0.2
"SPO2237",0.96,0.17
"SPO2238",1.26,0.09
"SPO2240",0.41,0.17
"SPO2241",0.26,0.04
"SPO2242",0.18,0.08
"SPO2243",0.98,0.01
"SPO2244",0.96,0.01
"SPO2245",0.96,0.01
"SPO2246",1.05,0.04
"SPO2248",0.9,0.1
"SPO2249",0.7,0.24
"SPO2250",0.98,0.01
"SPO2251",0.85,0.04
"SPO2252",0.97,0.06
"SPO2253",0.92,0.09
"SPO2255",1.07,0.14
"SPO2257",1.01,0.16
"SPO2261",0.95,0.39
"SPO2262",1.51,NA
"SPO2264",1.08,0.05
"SPO2266",0.98,0.06
"SPO2267",1.02,0.13
"SPO2268",1,0.03
"SPO2269",0.86,0.1
"SPO2270",1.18,0.01
"SPO2272",0.98,0.03
"SPO2273",0.84,0.05
"SPO2277",0.98,0.07
"SPO2278",0.98,0.01
"SPO2279",0.97,0
"SPO2280",1.06,0.04
"SPO2283",1,0.06
"SPO2284",1.02,0.04
"SPO2285",1,0.08
"SPO2286",0.97,0.02
"SPO2287",1,0.02
"SPO2288",1.1,0.03
"SPO2289",1.06,0.04
"SPO2290",1.06,0.02
"SPO2292",1.01,0.15
"SPO2293",1.02,0.02
"SPO2296",0.96,0.1
"SPO2297",0.99,0.05
"SPO2298",0.94,0.06
"SPO2299",0.96,0.04
"SPO2301",1.14,0.08
"SPO2302",1.05,0.02
"SPO2303",0.46,NA
"SPO2304",0.84,0.28
"SPO2306",1.79,NA
"SPO2307",1.17,0.03
"SPO2308",0.99,0.08
"SPO2309",0.98,0.02
"SPO2310",0,NA
"SPO2311",0,NA
"SPO2313",1.05,0.03
"SPO2318",1.06,0.07
"SPO2319",1,0.08
"SPO2323",1.03,0.01
"SPO2324",0.59,0.3
"SPO2326",1.04,0.07
"SPO2327",0.98,0.03
"SPO2330",1.1,0.08
"SPO2331",1.11,0.03
"SPO2332",1.06,0.02
"SPO2333",1.13,0.07
"SPO2334",1.04,0.01
"SPO2335",0.95,0.04
"SPO2336",1.04,0.03
"SPO2337",1.19,0.05
"SPO2338",1.03,0.04
"SPO2339",1.13,0.09
"SPO2340",0.16,0.11
"SPO2341",1.06,0.02
"SPO2341a",0.94,0.03
"SPO2342",1.02,0.03
"SPO2343",1.02,0.01
"SPO2344",1.09,0.06
"SPO2345",1.08,0.02
"SPO2346",0.99,0.09
"SPO2347",1.15,0.02
"SPO2348",1.02,0.04
"SPO2349",0.8,0.21
"SPO2350",0.89,0.09
"SPO2351",1.01,0.08
"SPO2352",0.93,0.09
"SPO2353",0.95,0.03
"SPO2354",0.66,0.11
"SPO2355",0.5,0.04
"SPO2356",1.04,0.15
"SPO2357",0.6,0.24
"SPO2358",0.96,0.09
"SPO2359",0.59,0.12
"SPO2361",1,0.03
"SPO2363",0.98,0.16
"SPO2364",1.1,0.08
"SPO2365",0.93,0.04
"SPO2366",0.93,0.05
"SPO2367",1.05,0.07
"SPO2368",0.92,0.07
"SPO2369",0.98,0.03
"SPO2370",1.05,0.04
"SPO2371",1.05,0.04
"SPO2372",1.02,0.04
"SPO2373",1,0.02
"SPO2374",0.98,0.03
"SPO2377",0.89,0.04
"SPO2378",0.92,0.02
"SPO2380",0.95,0.01
"SPO2381",0.86,0.02
"SPO2382",0.87,0.07
"SPO2383",1.11,0.08
"SPO2384",0.92,0.03
"SPO2385",1.01,0.03
"SPO2386",0.96,0.15
"SPO2387",1,0.03
"SPO2388",0.71,0.26
"SPO2389",1.02,0.05
"SPO2390",0.96,0.05
"SPO2392",0.77,0.07
"SPO2393",1.01,0.08
"SPO2394",0.9,0.18
"SPO2395",1.11,0.18
"SPO2396",0.88,0.03
"SPO2397",1.04,0.01
"SPO2398",0.92,0.05
"SPO2399",0.86,0.04
"SPO2400",0.95,0.09
"SPO2401",0.91,0.01
"SPO2403",0.8,0.11
"SPO2405",0.93,0.06
"SPO2406",1,0.06
"SPO2407",1.08,0.22
"SPO2408",0.66,0.34
"SPO2409",1.03,0.01
"SPO2410",0.98,0.09
"SPO2411",1.08,0.07
"SPO2412",1.19,0.13
"SPO2413",0.95,0.07
"SPO2414",0.92,0.09
"SPO2416",1.02,0.1
"SPO2418",0.89,0.04
"SPO2419",1.04,0.04
"SPO2420",1.09,0.16
"SPO2422",0.91,0.14
"SPO2423",0.94,0.12
"SPO2424",0.85,0.14
"SPO2425",1.1,0.07
"SPO2426",0.97,0.08
"SPO2428",0.89,0.06
"SPO2429",1.08,0.09
"SPO2430",0.95,0.02
"SPO2431",1.02,0.12
"SPO2432",1.09,0.17
"SPO2433",0.82,0.09
"SPO2434",0.94,0.04
"SPO2435",0.92,0.02
"SPO2436",1.01,0.05
"SPO2437",1.1,0.08
"SPO2438",0.97,0.15
"SPO2439",0.97,0.06
"SPO2440",0.95,0.17
"SPO2441",0.84,0.06
"SPO2442",0.91,0.03
"SPO2443",0.69,0.28
"SPO2445",1.12,0.05
"SPO2446",1.02,0.03
"SPO2447",1,0.14
"SPO2448",1.11,0.03
"SPO2449",1.1,0.06
"SPO2450",0.94,0.1
"SPO2451",1.03,0.14
"SPO2452",1.29,0.23
"SPO2453",1.02,0.08
"SPO2458",0.64,0.23
"SPO2460",0.51,0.3
"SPO2464",1,0.03
"SPO2465",1.08,0.12
"SPO2466",1.09,0.06
"SPO2467",1.02,0.05
"SPO2468",1.03,0.08
"SPO2469",0.99,0.04
"SPO2470",1.24,NA
"SPO2473",0.89,0.11
"SPO2474",0.2,0.1
"SPO2475",0.9,0.17
"SPO2476",0.95,0.08
"SPO2477",0.84,0.2
"SPO2478",1.05,0.02
"SPO2479",0.79,0.42
"SPO2480",1.07,0.1
"SPO2481",0.5,0.5
"SPO2483",1.19,0.07
"SPO2486",1.01,0.08
"SPO2487",1.02,0.04
"SPO2488",1.08,0.01
"SPO2489",0.94,0.01
"SPO2491",0.92,0.06
"SPO2496",0.99,0.08
"SPO2498",0.98,0.08
"SPO2499",1.01,0.04
"SPO2500",1.06,0.02
"SPO2501",1.05,0.05
"SPO2502",1.08,0.1
"SPO2504",1.32,0.27
"SPO2505",0.99,0.08
"SPO2506",0.49,0.28
"SPO2507",0.94,0.08
"SPO2508",0.95,0.02
"SPO2509",1.02,0.08
"SPO2511",0.09,0.09
"SPO2512",1,0.04
"SPO2513",1.02,0.1
"SPO2514",0.6,0.35
"SPO2515",1.07,0.03
"SPO2516",1.15,0.01
"SPO2518",0.98,0.05
"SPO2519",1.03,NA
"SPO2520",0.96,0.06
"SPO2521",1,0.03
"SPO2522",0.21,0.11
"SPO2523",0.84,0.12
"SPO2524",0.92,0.09
"SPO2526",1.07,0.14
"SPO2527",0.99,0.03
"SPO2528",1.02,0.04
"SPO2529",0.87,0.03
"SPO2530",0.82,0.22
"SPO2531",0.9,0.04
"SPO2532",0.86,0.08
"SPO2534",0.89,0.03
"SPO2535",1.01,0.04
"SPO2536",0.98,0.01
"SPO2537",1.02,0.11
"SPO2538",0.94,0.05
"SPO2539",0.78,0.07
"SPO2540",0.78,0.28
"SPO2541",0.9,0.11
"SPO2542",1.28,NA
"SPO2543",1.09,0.02
"SPO2544",1.04,0.02
"SPO2545",0.98,0.07
"SPO2546",0.94,0.1
"SPO2547",0.89,0.11
"SPO2548",0.9,0.03
"SPO2549",0.79,0.04
"SPO2550",0.97,0.02
"SPO2551",1.04,0.06
"SPO2552",0.92,0.02
"SPO2553",1.02,0.05
"SPO2554",1.07,0.06
"SPO2555",0.96,0.16
"SPO2556",0.9,0.03
"SPO2559",0.98,0.07
"SPO2560",0.99,0.04
"SPO2561",0.91,0.05
"SPO2562",1.03,0.05
"SPO2563",0.93,0.09
"SPO2564",1.14,0.03
"SPO2565",1.02,0.07
"SPO2566",0.92,0.05
"SPO2567",1.07,0.1
"SPO2568",1.05,0.05
"SPO2569",0.78,0.08
"SPO2570",0.62,0.62
"SPO2571",1.04,0.06
"SPO2572",1.1,0.04
"SPO2573",1.1,0.02
"SPO2574",1.01,0.05
"SPO2575",1.06,0.05
"SPO2576",1.18,0.09
"SPO2577",1.11,0.08
"SPO2578",0.01,0.01
"SPO2579",0.98,0.03
"SPO2580",1.04,0.13
"SPO2581",1.08,0.08
"SPO2582",1,0.04
"SPO2583",1.03,0.03
"SPO2584",0.95,0.05
"SPO2586",1,0.03
"SPO2587",0.87,0.17
"SPO2588",1.03,0.02
"SPO2589",0.92,0.09
"SPO2590",0.94,0.08
"SPO2591",0.96,0.1
"SPO2592",1.04,0.06
"SPO2597",1.17,0.23
"SPO2598",0.99,0.04
"SPO2601",1.2,0.11
"SPO2602",1.03,0.11
"SPO2603",1.07,0.07
"SPO2604",1.03,0.05
"SPO2605",0.92,0.07
"SPO2606",1,0.01
"SPO2607",1.04,0.03
"SPO2608",0.99,0.03
"SPO2609",0.94,0.06
"SPO2610",1.1,0.06
"SPO2612",1.08,0.03
"SPO2613",1.03,0.09
"SPO2614",1.03,0.04
"SPO2615",1.02,0.02
"SPO2616",0.84,0.05
"SPO2617",0.95,0.03
"SPO2621",0,NA
"SPO2622",1.12,0.04
"SPO2623",0.98,0.07
"SPO2624",1.01,0.17
"SPO2625",1.19,0.22
"SPO2626",1.13,0.03
"SPO2627",1.06,0.05
"SPO2628",0.98,0.06
"SPO2629",1.08,0.05
"SPO2630",1.19,0.03
"SPO2632",0.12,0.07
"SPO2633",0,0
"SPO2634",0,0
"SPO2635",0,0
"SPO2639",1.14,0.15
"SPO2640",0.96,0.04
"SPO2641",1,0.07
"SPO2642",0.84,0.12
"SPO2643",1.09,0.22
"SPO2644",0.86,0.11
"SPO2645",0.8,0.15
"SPO2646",1.06,0.04
"SPO2647",1.08,0.05
"SPO2648",0.48,0.48
"SPO2649",1.06,0.04
"SPO2650",0.54,0.19
"SPO2651",0.9,0.06
"SPO2652",1.09,0.1
"SPO2652a",0.92,0.05
"SPO2653",0.16,0.1
"SPO2654",0,0
"SPO2656",1.02,0.03
"SPO2657",0.9,0.11
"SPO2658",0.53,0.34
"SPO2659",0.89,NA
"SPO2661",0.97,0.11
"SPO2662",0.8,0.04
"SPO2663",0.84,0.1
"SPO2664",0.89,0.49
"SPO2665",0.78,0.09
"SPO2666",0.89,0.06
"SPO2667",0.99,0.08
"SPO2668",0.85,0.08
"SPO2669",1.05,0.06
"SPO2670",1.14,0.07
"SPO2671",1.09,0.04
"SPO2673",0.92,0.06
"SPO2674",0.97,0.08
"SPO2675",0.98,0.02
"SPO2677",0.28,0.09
"SPO2679",0.54,0.54
"SPO2680",1.32,0.2
"SPO2681",0.92,0.07
"SPO2685",0.48,0.3
"SPO2687",0,0
"SPO2688",0.94,0.18
"SPO2690",0.96,0.07
"SPO2691",0.95,0.04
"SPO2692",0.95,0.04
"SPO2693",0.85,0.06
"SPO2694",1.02,0.1
"SPO2695",0.33,0.19
"SPO2696",1.05,0.07
"SPO2697",0.95,0.03
"SPO2698",0.86,0.07
"SPO2699",0.81,0.4
"SPO2700",0.6,0.23
"SPO2701",0.95,0.04
"SPO2702",0.22,0.22
"SPO2703",1.08,0.02
"SPO2704",0.98,0.02
"SPO2705",1.09,NA
"SPO2707",1.22,0.06
"SPO2708",1.06,0.05
"SPO2709",0.92,0.18
"SPO2710",0.98,0.07
"SPO2711",1.03,0.04
"SPO2712",0.86,0.05
"SPO2713",0.98,0.07
"SPO2714",0.96,0.1
"SPO2715",1.06,0.06
"SPO2716",0.96,0.01
"SPO2717",0.94,0.03
"SPO2718",0.92,0.05
"SPO2719",1.03,NA
"SPO2720",0.98,0.05
"SPO2721",1.08,0.07
"SPO2722",1.18,0.06
"SPO2723",0.99,0.01
"SPO2724",0.73,NA
"SPO2726",0.98,0.05
"SPO2731",0.93,0.02
"SPO2733",1.04,0.02
"SPO2734",1.05,0.03
"SPO2735",0.98,0.02
"SPO2736",0.93,0.03
"SPO2738",1.14,0.05
"SPO2739",0,NA
"SPO2742",0.86,0.06
"SPO2743",0.82,0.05
"SPO2744",0.74,0.03
"SPO2746",1.1,0.04
"SPO2747",0.96,0.03
"SPO2748",0.85,0.11
"SPO2749",0.61,0.18
"SPO2750",0.99,0.03
"SPO2751",1.15,0.09
"SPO2752",1,0.09
"SPO2753",0.73,0.06
"SPO2755",0.94,0.08
"SPO2756",1,0.06
"SPO2757",0.92,0.08
"SPO2758",0.94,0.12
"SPO2759",0.93,0.14
"SPO2760",0.98,0.02
"SPO2763",0,NA
"SPO2768",0.69,0.25
"SPO2769",0.49,0.17
"SPO2771",0.21,0.21
"SPO2773",1.05,0.05
"SPO2775",0.78,0.13
"SPO2780",1.1,0.08
"SPO2787",0.39,0.39
"SPO2788",1.08,0.07
"SPO2789",0.95,0.04
"SPO2790",0.98,0.04
"SPO2791",1.13,0.05
"SPO2792",1.08,0.05
"SPO2793",0.99,0.04
"SPO2795",0.92,0.02
"SPO2796",1.12,0.05
"SPO2799",0.34,0.34
"SPO2801",1.02,0.07
"SPO2802",1.04,0.02
"SPO2803",1.03,0.03
"SPO2804",1.06,0.04
"SPO2805",1,0.07
"SPO2806",1.01,0.05
"SPO2807",0.96,0.02
"SPO2808",1.13,0.07
"SPO2809",0.98,0.11
"SPO2810",1.04,0.03
"SPO2811",1.32,0.1
"SPO2812",1.15,0.04
"SPO2813",1.06,0.02
"SPO2814",1.06,0.02
"SPO2815",1.08,0.01
"SPO2816",1.09,0.05
"SPO2817",1.14,0.03
"SPO2818",1.02,0.07
"SPO2819",0.76,0.02
"SPO2820",0.83,0.07
"SPO2821",0.94,0.01
"SPO2822",0.83,0.05
"SPO2823",1.02,0.09
"SPO2824",1.03,0.07
"SPO2825",1.09,0.04
"SPO2826",1.06,0.04
"SPO2827",0.96,0.02
"SPO2828",0.96,0.07
"SPO2829",0.96,0.06
"SPO2830",0.93,0.04
"SPO2831",0.92,0.05
"SPO2832",1.12,0.12
"SPO2833",1.06,0.1
"SPO2834",0.78,0.09
"SPO2835",0.86,0.06
"SPO2836",0.99,0.03
"SPO2837",1.04,0.02
"SPO2839",1.03,0.04
"SPO2840",0.83,0.27
"SPO2841",0.98,0.04
"SPO2842",0.94,0.06
"SPO2843",0.62,0.32
"SPO2845",0.91,0.04
"SPO2846",0.95,0.07
"SPO2848",1.09,0.01
"SPO2849",0.71,NA
"SPO2850",0.64,0.32
"SPO2851",0.98,0.01
"SPO2852",1.03,0.03
"SPO2854",1.21,0.11
"SPO2855",0.18,0.18
"SPO2857",0.87,0.05
"SPO2858",0.81,0.07
"SPO2859",0.96,0.13
"SPO2860",1.1,0.04
"SPO2870",0.14,0.14
"SPO2871",0.86,0.1
"SPO2873",0.95,0.08
"SPO2874",0.9,NA
"SPO2877",1.14,0.14
"SPO2878",0,NA
"SPO2879",0.98,0.08
"SPO2880",0.9,0.21
"SPO2881",0.87,0.04
"SPO2882",0.66,0.24
"SPO2883",1.05,0.09
"SPO2885",0.9,0.07
"SPO2886",1,0.05
"SPO2887",1.01,0.05
"SPO2888",1.05,0.06
"SPO2889",1.07,0.02
"SPO2890",1.02,0.02
"SPO2891",0.93,0.06
"SPO2893",0.2,0.11
"SPO2894",0.07,0.05
"SPO2895",0.27,0.09
"SPO2897",0,0
"SPO2899",0.96,0.03
"SPO2900",0.99,0.05
"SPO2901",0.89,0.08
"SPO2902",0.78,0.06
"SPO2903",1.07,0.05
"SPO2904",1.11,0.08
"SPO2905",0.72,0.26
"SPO2906",0.6,0.05
"SPO2907",0.12,0.12
"SPO2909",0.56,0.3
"SPO2910",1.04,0.05
"SPO2911",0.9,0.03
"SPO2912",1.21,0.09
"SPO2915",0.82,0.03
"SPO2916",0.9,0.02
"SPO2917",0.88,0.08
"SPO2918",0.76,0.04
"SPO2919",0.8,0.02
"SPO2920",0.81,0.03
"SPO2921",1.04,0.08
"SPO2922",1.16,0.04
"SPO2923",1.08,0.05
"SPO2924",0.47,0.47
"SPO2925",1.04,0.03
"SPO2926",0.8,0.04
"SPO2927",1.01,0.02
"SPO2928",1.15,0.11
"SPO2929",1.11,0.03
"SPO2930",1.04,0.06
"SPO2931",0.99,0.07
"SPO2932",0.97,0.03
"SPO2933",1.03,0.03
"SPO2934",0.99,0.03
"SPO2935",0.65,0.11
"SPO2936",1.15,0.14
"SPO2937",0.86,0.08
"SPO2938",0.91,0.02
"SPO2940",1.04,0.01
"SPO2941",0.79,0.06
"SPO2942",0.97,0.12
"SPO2943",1.01,0.06
"SPO2945",1,0.03
"SPO2946",0.99,0.02
"SPO2947",0.92,0.07
"SPO2948",1.01,0.07
"SPO2949",1.15,0.05
"SPO2950",0.95,0.05
"SPO2951",1,0.04
"SPO2952",0.5,0.05
"SPO2953",1.03,0.01
"SPO2954",1.12,0.07
"SPO2955",1,0.08
"SPO2956",0.99,0.05
"SPO2957",1.04,0.02
"SPO2958",0.4,0.08
"SPO2959",1.06,0.04
"SPO2960",0.96,0.03
"SPO2961",1.06,0.02
"SPO2962",0.7,0.24
"SPO2963",0.89,0.04
"SPO2964",1.11,0.03
"SPO2965",0.79,0.03
"SPO2968",1.02,0.06
"SPO2971",0.98,0.07
"SPO2972",0.92,0.04
"SPO2973a",1,0.01
"SPO2974",0.92,0.03
"SPO2975",0.95,0.05
"SPO2976",0.98,0.03
"SPO2977",0.92,0.08
"SPO2978",1.01,0.05
"SPO2979",0.84,0.03
"SPO2980",0.9,0.04
"SPO2981",0.95,0.04
"SPO2982",0.94,0.04
"SPO2984",1.04,0.02
"SPO2985",1.11,0.06
"SPO2986",1.17,0.03
"SPO2987",1.03,0.03
"SPO2988",1.11,0.03
"SPO2989",1.11,0.03
"SPO2990",1.03,0.03
"SPO2991",1.01,0.04
"SPO2992",1.03,0.06
"SPO2993",0.56,0.19
"SPO2994",0.98,0.02
"SPO2995",1.04,0.01
"SPO2996",1.03,0.02
"SPO2997",0.97,0.03
"SPO2998",0.98,0.03
"SPO2999",1.01,0.04
"SPO3000",0.97,0.07
"SPO3001",1,0.04
"SPO3002",1.04,0.05
"SPO3003",0.92,0.06
"SPO3004",0.47,0.28
"SPO3005",0.97,0.08
"SPO3008",1.09,0.06
"SPO3009",1.09,0.05
"SPO3010",1.02,0.02
"SPO3011",0.97,0.03
"SPO3013",0.98,0.05
"SPO3014",0.94,0.09
"SPO3015",0.87,0.05
"SPO3016",0.3,0.14
"SPO3017",1.08,0.03
"SPO3018",0.88,0.05
"SPO3019",1.09,0.02
"SPO3020",0.96,0.03
"SPO3021",0.89,0.05
"SPO3024",1.06,0.02
"SPO3025",1.03,0.03
"SPO3026",1.02,0.02
"SPO3027",1.04,0.03
"SPO3029",0.91,0.05
"SPO3030",0.42,0.16
"SPO3031",1.04,0.15
"SPO3032",1.06,0.02
"SPO3033",0.9,0.01
"SPO3034",0.65,0.03
"SPO3036",0.98,0.02
"SPO3037",0.94,0.03
"SPO3038",0.95,0.02
"SPO3039",0.88,0.02
"SPO3040",1,0.03
"SPO3041",0.96,0.04
"SPO3042",0.98,0.04
"SPO3043",0.97,0.02
"SPO3044",0.93,0.02
"SPO3045",1.09,0.09
"SPO3046",0.97,0.03
"SPO3047",0.89,0.1
"SPO3048",0.95,0.05
"SPO3049",0.99,0.04
"SPO3050",0.64,0.1
"SPO3051",1.06,0.05
"SPO3052",1.17,0.03
"SPO3053",0.79,0.08
"SPO3054",0.98,0.02
"SPO3055",0.84,0.05
"SPO3056",0.92,0.03
"SPO3057",0.96,0.11
"SPO3058",1.02,0.03
"SPO3059",0.82,0.17
"SPO3060",0.95,0.07
"SPO3062",0.92,0.13
"SPO3063",1.03,0.04
"SPO3065",0.88,0.04
"SPO3066",1.06,0.04
"SPO3068",1.09,0.05
"SPO3069",0.97,0.02
"SPO3070",0.98,0.01
"SPO3072",0.47,0.08
"SPO3073",0.62,0.02
"SPO3074",0.49,0.08
"SPO3075",0.47,0.04
"SPO3076",0.59,0.03
"SPO3077",0.92,0.04
"SPO3078",1.02,0.1
"SPO3079",0.84,0.05
"SPO3081",1.27,0.05
"SPO3084",0.95,0.12
"SPO3085",0,NA
"SPO3086",0.95,0.07
"SPO3087",1.03,0.02
"SPO3088",1.05,0.04
"SPO3089",0.94,0.03
"SPO3090",1.04,0.03
"SPO3091",1.05,0.04
"SPO3092",0.97,0.03
"SPO3093",1.04,0.05
"SPO3094",1.04,0.02
"SPO3095",1.03,0.06
"SPO3096",1.1,0.03
"SPO3097",0.95,0.03
"SPO3098",1.04,0.03
"SPO3099",1.06,0.06
"SPO3100",1,0.01
"SPO3101",1.04,0.04
"SPO3102",1.09,0.06
"SPO3103",1.04,0.02
"SPO3104",1.04,0.06
"SPO3105",1.87,NA
"SPO3107",0,NA
"SPO3113",1.07,0.05
"SPO3114",0.98,0.06
"SPO3115",0.46,0.16
"SPO3116",0.96,NA
"SPO3117",0.61,0.34
"SPO3118",1.13,0.03
"SPO3119",0.98,0.03
"SPO3120",1.02,0.03
"SPO3121",1.06,0.05
"SPO3122",0.96,0.02
"SPO3123",0.88,0.14
"SPO3124",1.15,0.07
"SPO3125",0.91,0.22
"SPO3126",0.81,0.01
"SPO3128",0.84,0.04
"SPO3129",0.78,0.1
"SPO3130",0.72,0.08
"SPO3131",1.05,0.07
"SPO3132",1.18,0.16
"SPO3133",1.02,0.1
"SPO3134",0.97,0.03
"SPO3135",1,0.05
"SPO3137",1.01,0.05
"SPO3138",0.87,0.04
"SPO3139",0.98,0.03
"SPO3140",1.03,0.05
"SPO3141",1.03,0.03
"SPO3142",1.41,0.49
"SPO3143",0.93,0.09
"SPO3144",0.82,0.28
"SPO3145",0.98,0.06
"SPO3146",1.02,0.03
"SPO3148",1.01,0.03
"SPO3150",0.93,0.05
"SPO3151",0.86,0.04
"SPO3152",1.05,0.02
"SPO3153",1.04,0.03
"SPO3155",0.89,0.16
"SPO3156",1.04,0.07
"SPO3157",0.96,0.04
"SPO3158",1.05,0.04
"SPO3160",0.94,0.08
"SPO3161",0.72,0.08
"SPO3166",0.97,0.02
"SPO3167",1.03,0.03
"SPO3168",1.01,0.04
"SPO3169",0.47,0.02
"SPO3170",1.06,0.04
"SPO3171",1,0.02
"SPO3172",0.99,0.06
"SPO3173",0.83,0.06
"SPO3174",1.08,0.06
"SPO3175",1.04,0.02
"SPO3176",0.98,0.03
"SPO3177",0,0
"SPO3178",0.93,0.04
"SPO3179",1,0.05
"SPO3180",1.01,0.03
"SPO3182",0.91,0.05
"SPO3183",1.02,0.04
"SPO3184",0.7,0.11
"SPO3185",0.97,0.06
"SPO3186",0.96,0.03
"SPO3187",0.92,0.31
"SPO3188",0.88,0.11
"SPO3189",0.93,0.01
"SPO3190",0.62,0.07
"SPO3191",0.76,0.05
"SPO3192",0.92,0.03
"SPO3193",1.14,0.21
"SPO3194",1.03,0.01
"SPO3195",0.93,0.01
"SPO3196",0.98,0.01
"SPO3197",1.14,0.1
"SPO3198",0.78,0.1
"SPO3202",0.85,0.03
"SPO3203",0.82,0.06
"SPO3204",0.94,0.1
"SPO3206",0.94,0.04
"SPO3208",0.99,0.01
"SPO3209",0.95,0.09
"SPO3210",1.08,0.06
"SPO3211",1.03,0.07
"SPO3212",0,NA
"SPO3213",1.02,0.04
"SPO3214",1.04,0.11
"SPO3215",0.97,0.06
"SPO3217",0.78,0.04
"SPO3218",0.74,0.29
"SPO3220",1.06,0.01
"SPO3221",1.01,0.07
"SPO3222",1.03,0.02
"SPO3223",1.06,0.02
"SPO3224",0,0
"SPO3226",1.02,0.03
"SPO3227",0.95,0.08
"SPO3228",0.98,0.02
"SPO3229",1.05,0.09
"SPO3230",1.1,0.01
"SPO3231",1.08,0.04
"SPO3232",1.1,0.08
"SPO3238",0.55,0.19
"SPO3239",1.11,0.05
"SPO3240",1.08,0.03
"SPO3241",0.99,0.08
"SPO3242",1,0.19
"SPO3243",0.96,0.02
"SPO3244",1.01,0.05
"SPO3245",1.02,0.06
"SPO3254",0.98,0.04
"SPO3256",0,0
"SPO3258",1,0.02
"SPO3260",1.04,0.03
"SPO3261",1.02,0.03
"SPO3262",1.02,0.03
"SPO3263",0.9,0.05
"SPO3270",0.95,0.04
"SPO3271",1.03,0.01
"SPO3272",0.93,0.02
"SPO3273",0.79,0.07
"SPO3274",1.02,0.09
"SPO3275",0.91,0.06
"SPO3276",1.02,0.01
"SPO3277",0.88,0.02
"SPO3278",0,0
"SPO3279",0.98,0.05
"SPO3280",0.98,0.03
"SPO3281",0.75,0.08
"SPO3282",0.64,0.07
"SPO3285",0.93,0.02
"SPO3286",0.96,0.03
"SPO3289",0.81,0.04
"SPO3290",0.93,0.01
"SPO3291",0.9,0.07
"SPO3292",0.95,0.04
"SPO3294",0.97,0.04
"SPO3295",0.97,0.06
"SPO3296",0.87,0.01
"SPO3297",0.97,0.01
"SPO3298",1.04,0.06
"SPO3299",0.98,0.03
"SPO3300",0.98,0.11
"SPO3301",1.04,0.01
"SPO3302",0.82,0.09
"SPO3303",1.02,0.03
"SPO3304",0.98,0.03
"SPO3305",0.94,0.02
"SPO3306",0.88,0.05
"SPO3307",1.08,0.01
"SPO3308",1.03,0.02
"SPO3309",1.02,0.02
"SPO3310",1.11,0.09
"SPO3311",0.98,0.04
"SPO3312",1.04,0.07
"SPO3313",0.87,0.03
"SPO3314",0.11,0.05
"SPO3315",0.99,0.03
"SPO3316",0.96,0.04
"SPO3316a",0.82,0.02
"SPO3317",0.98,0.06
"SPO3318",1.03,0.01
"SPO3319",1,0.02
"SPO3320",1,0.01
"SPO3321",0.98,0.04
"SPO3322",1,0.02
"SPO3323",1.02,0.02
"SPO3324",1.03,0.02
"SPO3325",1.02,0.02
"SPO3326",1,0.06
"SPO3327",0.93,0
"SPO3328",1.04,0.05
"SPO3329",0.97,0.03
"SPO3330",1.02,0.01
"SPO3331",0.84,0.1
"SPO3333",1.04,0.01
"SPO3334",1.03,0.01
"SPO3335",1,0.02
"SPO3336",1.04,0.02
"SPO3337",0.71,NA
"SPO3338",0.94,0.03
"SPO3339",1.04,0.03
"SPO3340",0.95,0.03
"SPO3341",1.05,0.08
"SPO3342",1.02,0.02
"SPO3343",1.08,0.03
"SPO3344",0.98,0.03
"SPO3345",1.14,0.05
"SPO3346",1.02,0.02
"SPO3347",1.06,0.04
"SPO3349",1.12,0.06
"SPO3350",1,0.11
"SPO3351",0.96,0.14
"SPO3352",0.99,0.03
"SPO3353",0.73,0.03
"SPO3355",0.98,0.02
"SPO3356",0.86,0.1
"SPO3357",0.92,0.02
"SPO3358",0.93,0.05
"SPO3359",0.97,0.04
"SPO3360",1.08,0.02
"SPO3361",0.89,0.03
"SPO3362",1.12,0.05
"SPO3363",1.08,NA
"SPO3364",1.14,0.13
"SPO3367",1,0.02
"SPO3368",1.02,0.01
"SPO3369",0.95,0.03
"SPO3370",1.05,0.01
"SPO3371",1.06,0.01
"SPO3372",0.95,0.04
"SPO3375",0.98,0.02
"SPO3376",0.97,0.12
"SPO3377",0.26,0.18
"SPO3378",1.03,0.06
"SPO3379",1.06,0.12
"SPO3380",0.97,0.03
"SPO3381",0.98,0.01
"SPO3382",1.04,0.01
"SPO3383",0.99,0.02
"SPO3384",1.02,0.02
"SPO3385",1.09,0.01
"SPO3386",0.97,0.05
"SPO3387",0.98,0.02
"SPO3388",1.02,0.02
"SPO3390",1.03,0.05
"SPO3391",0.98,0.03
"SPO3392",1.01,0.01
"SPO3393",0.98,0.05
"SPO3394",1.05,0.04
"SPO3395",0.99,0.01
"SPO3396",0.97,0.03
"SPO3397",0.89,0.1
"SPO3398",0.97,0.11
"SPO3399",0.98,0.06
"SPO3400",0.95,0.02
"SPO3401",0.83,0.16
"SPO3402",0.95,0.04
"SPO3403",1.07,0.01
"SPO3404",0.97,0.05
"SPO3405",1.03,0.03
"SPO3406",1.04,0.05
"SPO3407",0.85,0.12
"SPO3408",1.08,0.05
"SPO3409",0.96,0.09
"SPO3410",0.98,0.06
"SPO3411",0.96,0.02
"SPO3412",0.98,0.05
"SPO3413",1.03,0.05
"SPO3414",1.01,0.02
"SPO3418",1.06,0.02
"SPO3419",0.43,NA
"SPO3420",0.97,0.03
"SPO3421",0.2,0.2
"SPO3422",1.04,0.1
"SPO3423",1.07,0.03
"SPO3424",0.97,0.02
"SPO3425",1.07,0.03
"SPO3427",0.77,NA
"SPO3428",1.04,0.02
"SPO3429",0.96,0.03
"SPO3431",0.9,0.04
"SPO3434",1.2,NA
"SPO3435",0.98,0.04
"SPO3436",1.03,0.07
"SPO3437",1.03,0.05
"SPO3438",1.07,0.1
"SPO3439",0.94,0.09
"SPO3440",0.93,0.09
"SPO3441",0.99,0.02
"SPO3442",1.03,0.03
"SPO3443",0.98,0.08
"SPO3446",0.99,0.09
"SPO3448",1.02,0.02
"SPO3449",0.93,0.01
"SPO3450",1.02,0.02
"SPO3452",1.07,0.02
"SPO3452a",0.9,0.1
"SPO3453",1.02,0.05
"SPO3454",0.97,0.02
"SPO3455",0.98,0.02
"SPO3456",0.99,0.04
"SPO3457",0.95,0.09
"SPO3459",0.86,0.04
"SPO3460",0.94,0.02
"SPO3461",1,0.05
"SPO3462",0.99,0.01
"SPO3463",0.92,0.06
"SPO3464",0.51,0.16
"SPO3465",0.94,0.03
"SPO3466",0.94,0.01
"SPO3467",0.98,0.04
"SPO3468",0.96,0.01
"SPO3469",1.02,0.02
"SPO3470",0.97,0.03
"SPO3471",0.95,0.01
"SPO3472",0.96,0.03
"SPO3473",0.94,0.02
"SPO3474",0.99,0.03
"SPO3475",0.97,0.02
"SPO3476",1,0.03
"SPO3477",1,0.02
"SPO3478",0.98,0
"SPO3479",0.98,0.02
"SPO3480",0.95,0.04
"SPO3481",0.98,0.01
"SPO3482",1.01,0.04
"SPO3483",0.98,0.04
"SPO3484",1.02,0.02
"SPO3485",1.02,0.03
"SPO3486",0.86,0.13
"SPO3487",0.94,0.07
"SPO3488",1.09,0.03
"SPO3489",1.36,NA
"SPO3490",1.18,0.09
"SPO3491",1.01,0.05
"SPO3492",0.92,0.05
"SPO3493",1.01,0.02
"SPO3494",0.95,0.05
"SPO3495",0.85,0.04
"SPO3496",0.93,0.09
"SPO3498",0.97,0.01
"SPO3498a",0.93,0.02
"SPO3502",0.98,0.01
"SPO3503",1.02,0.04
"SPO3504",1.01,0.03
"SPO3505",1.03,0.02
"SPO3506",1.09,0.09
"SPO3511",1,0.02
"SPO3512",0.98,0.05
"SPO3513",0.15,0.15
"SPO3515",1.01,0.03
"SPO3516",0.38,0.37
"SPO3518",0.94,0.14
"SPO3519",0.97,0.04
"SPO3520",0.94,0.03
"SPO3521",0.9,0.05
"SPO3522",0.9,0.03
"SPO3523",0.91,0.05
"SPO3524",0.95,0.05
"SPO3525",0.84,0.02
"SPO3526",0.93,0.02
"SPO3527",1.07,0.03
"SPO3528",1.12,0.09
"SPO3529",1.05,0.04
"SPO3530",1,0.04
"SPO3531",0.98,0.03
"SPO3532",1.01,0.02
"SPO3533",0.94,0.03
"SPO3534",1.13,0.18
"SPO3535",0.95,0.03
"SPO3536",0.88,0.08
"SPO3537",1,0.02
"SPO3538",0.93,0.04
"SPO3539",0,0
"SPO3540",1.04,0.01
"SPO3541",1.05,0.02
"SPO3542",1.01,0.02
"SPO3543",0.89,0.05
"SPO3544",0.95,0.01
"SPO3545",0.98,0.02
"SPO3546",1,0.04
"SPO3547",1.03,0.05
"SPO3548",1,0.03
"SPO3549",0.9,0.06
"SPO3550",1.06,0.1
"SPO3551",0.91,0.03
"SPO3552",0.94,0.05
"SPO3553",1.04,0.02
"SPO3554",1.03,0.02
"SPO3555",1.04,0.02
"SPO3557",0.98,0.06
"SPO3558",0.9,0.01
"SPO3559",0.9,0.01
"SPO3560",0.96,0.05
"SPO3561",0.39,0.05
"SPO3562",0.84,0.02
"SPO3563",1.05,0.03
"SPO3564",0.99,0.02
"SPO3565",1.03,0.07
"SPO3566",0.94,0.02
"SPO3567",1.04,0.04
"SPO3568",1.05,0.04
"SPO3569",1.05,0.03
"SPO3570",0.88,0.02
"SPO3571",1.03,0.01
"SPO3572",0.89,0.03
"SPO3573",1.02,0.04
"SPO3574",1.02,0.03
"SPO3575",0.93,0.1
"SPO3576",1.11,0.03
"SPO3577",0.93,0.02
"SPO3578",0.96,0.05
"SPO3579",1.05,0.01
"SPO3580",0.92,0.04
"SPO3581",1.08,0.03
"SPO3582",1.08,0.01
"SPO3583",1.02,0.03
"SPO3584",1.06,0.05
"SPO3585",0.91,0.05
"SPO3586",1.02,0.01
"SPO3587",0.98,0.02
"SPO3588",1.04,0.01
"SPO3589",0.92,0.03
"SPO3590",0.92,0.02
"SPO3591",1.01,0.03
"SPO3592",0.94,0.03
"SPO3593",0.99,0.01
"SPO3594",0.7,0.09
"SPO3595",0.96,0.01
"SPO3596",0.98,0.03
"SPO3597",1.01,0
"SPO3598",1.15,0.36
"SPO3600",0.98,0.01
"SPO3601",0.95,0.05
"SPO3602",0.92,0.03
"SPO3603",1.03,0.04
"SPO3604",0.85,0.03
"SPO3605",0.99,0.02
"SPO3606",0.87,0.09
"SPO3607",1.02,0.02
"SPO3608",0.92,0.03
"SPO3609",1.02,0.04
"SPO3610",1.04,0.03
"SPO3611",1.03,0.03
"SPO3612",0.97,0.04
"SPO3613",1.05,0.02
"SPO3614",1.06,0.06
"SPO3615",0.98,0.02
"SPO3617",1.06,0.03
"SPO3618",1.03,0.03
"SPO3619",1.02,0.03
"SPO3620",1.07,0.01
"SPO3621",0,NA
"SPO3622",0.94,0.03
"SPO3623",1.04,0.01
"SPO3625",1.1,0.04
"SPO3626",0.86,0.16
"SPO3627",1.04,0.02
"SPO3628",1.02,0.02
"SPO3629",1.07,0.03
"SPO3631",1.07,0.02
"SPO3632",1.01,0.02
"SPO3633",0.69,0.02
"SPO3634",0.67,0.04
"SPO3635",0.91,0.12
"SPO3636",0.95,0.02
"SPO3637",0.9,0.04
"SPO3638",1.11,NA
"SPO3639",0.4,0.24
"SPO3640",0.61,0.23
"SPO3641",1,0.01
"SPO3642",0.98,0.04
"SPO3643",0.95,0.03
"SPO3644",0.97,0.04
"SPO3645",0.92,0.04
"SPO3646",0.94,0.02
"SPO3647",1.05,0.01
"SPO3650",1,0.02
"SPO3651",0.95,0.02
"SPO3652",1.06,0.02
"SPO3655",1.04,0.01
"SPO3656",0.89,0.03
"SPO3657",0.96,0.03
"SPO3659",0.51,0.09
"SPO3660",0.9,0.06
"SPO3661",0.92,0.01
"SPO3662",0.86,0.04
"SPO3663",0.93,0.02
"SPO3664",0.93,0.01
"SPO3665",0.98,0.02
"SPO3666",1.03,0.03
"SPO3667",0.92,0.03
"SPO3668",0.98,0.04
"SPO3671",0.99,0.01
"SPO3672",1.02,0.02
"SPO3673",1.06,0.01
"SPO3673a",1.06,0.01
"SPO3674",0.91,0.02
"SPO3675",1,0.03
"SPO3676",0.96,0.02
"SPO3677",0.96,0.01
"SPO3678",0.99,0.01
"SPO3679",1,0.01
"SPO3680",1.01,0.04
"SPO3681",0.96,0.01
"SPO3682",0.98,0.01
"SPO3684",0.88,0.01
"SPO3685",1.01,0.02
"SPO3686",1.01,0.02
"SPO3687",0.99,0.02
"SPO3688",0.96,0.02
"SPO3689",0.89,0.03
"SPO3690",0.98,0.01
"SPO3691",0.96,0.02
"SPO3692",1,0.01
"SPO3693",1,0.01
"SPO3694",1.07,0.05
"SPO3695",1.01,0
"SPO3696",0.95,0.01
"SPO3697",0.99,0.02
"SPO3698",1.03,0.03
"SPO3699",0.98,0.01
"SPO3700",0.95,0.02
"SPO3701",0.96,0.02
"SPO3702",1.01,0.03
"SPO3703",0.95,0.02
"SPO3704",1.04,0.02
"SPO3705",0.95,0.02
"SPO3706",0.92,0.04
"SPO3707",0.93,0.01
"SPO3708",1,0.03
"SPO3709",0.94,0.03
"SPO3710",0.99,0
"SPO3711",0.92,0.02
"SPO3713",1.02,0.02
"SPO3714",1.06,0.04
"SPO3715",1.02,0.01
"SPO3716",0.96,0.02
"SPO3717",1,0.04
"SPO3718",1.04,0.04
"SPO3719",0.85,0.03
"SPO3720",1,0.02
"SPO3721",1.03,0.04
"SPO3722",1,0.01
"SPO3723",0.96,0.01
"SPO3724",0.97,0.05
"SPO3725",0.94,0.06
"SPO3726",1.13,0.02
"SPO3727",1.08,0.01
"SPO3728",1.04,0.01
"SPO3729",1.02,0.01
"SPO3730",1.09,0.02
"SPO3731",1.07,0.02
"SPO3732",0.96,0.01
"SPO3733",1.04,0.02
"SPO3734",0.95,0.04
"SPO3735",0.98,0.01
"SPO3736",0.99,0.03
"SPO3738",0.95,0.05
"SPO3739",1,0
"SPO3740",1,0.01
"SPO3741",1,0.02
"SPO3742",0.94,0.01
"SPO3743",0.98,0.02
"SPO3744",0.36,0.22
"SPO3746",1.2,0.12
"SPO3747",0.92,0.04
"SPO3748",1,0.03
"SPO3749",1.04,0.03
"SPO3750",0.94,0.03
"SPO3751",0.94,0.01
"SPO3752",0.97,0.03
"SPO3753",0.92,0.02
"SPO3754",1.04,0.03
"SPO3755",0.52,0.32
"SPO3756",1,0.04
"SPO3757",0.98,0.01
"SPO3758",1.03,0.02
"SPO3759",1,0.01
"SPO3760",0.97,0.02
"SPO3762",1.03,0.01
"SPO3763",0.97,0.02
"SPO3765",1.02,0.03
"SPO3766",0.86,0.03
"SPO3767",1.01,0.02
"SPO3768",0.21,0.01
"SPO3769",0.18,0.03
"SPO3770",0.16,0.03
"SPO3771",0,NA
"SPO3772",1,0.01
"SPO3774",0.99,0.01
"SPO3775",1,0.01
"SPO3776",1,0.02
"SPO3777",0.99,0.03
"SPO3778",0.97,0.01
"SPO3779",0.97,0.03
"SPO3780",0.98,0.04
"SPO3781",1,0.05
"SPO3782",0.96,0.02
"SPO3783",0.98,0.01
"SPO3784",0.98,0.02
"SPO3785",0.95,0.02
"SPO3786",0.97,0.02
"SPO3787",0.98,0.01
"SPO3788",1.02,0.02
"SPO3789",1.05,0.05
"SPO3790",0.98,0.01
"SPO3791",0.95,0.02
"SPO3792",0.98,0.03
"SPO3793",0.97,0.03
"SPO3794",1.09,0.02
"SPO3795",1.02,0.02
"SPO3802",0.91,0.05
"SPO3803",0.96,0.02
"SPO3804",1.08,0.02
"SPO3805",1.1,0.02
"SPO3806",0.7,0.03
"SPO3807",1,0.02
"SPO3808",0.92,0.02
"SPO3809",0.94,0.02
"SPO3810",0.04,0.04
"SPO3811",1.04,0.02
"SPO3812",0.72,0.03
"SPO3813",0.97,0.02
"SPO3814",1,0.02
"SPO3815",1,0
"SPO3816",1,0.02
"SPO3817",0.89,0.11
"SPO3819",0.94,0.02
"SPO3820",1.01,0.01
"SPO3821",1.06,0.01
"SPO3822",1.04,0.02
"SPO3827",1,0.05
"SPO3828",1.02,0.01
"SPO3829",1.04,0.01
"SPO3830",1.02,0.02
"SPO3831",1.02,0.03
"SPO3832",0.97,0.01
"SPO3833",1.05,0.03
"SPO3835",0.76,0.04
"SPO3836",1.04,0.01
"SPO3837",0.98,0.01
"SPO3838",0.99,0.03
"SPO3839",0.98,0.02
"SPO3840",0.18,0.18
"SPO3841",0.95,0.01
"SPO3842",0.98,0.01
"SPO3843",1.11,0.03
"SPO3844",0.76,0
"SPO3845",0.94,0.04
"SPO3846",1.09,0.05
"SPO3847",1.02,0.01
"SPO3848",1,0.01
"SPO3849",0.94,0.04
"SPO3850",1.03,0.01
"SPO3851",1.05,0.01
"SPO3852",0.81,0.11
"SPO3853",0.07,0.07
"SPO3854",0.26,0.26
"SPO3855",0.54,0.01
"SPO3856",1,0.02
"SPO3857",1.02,0.02
"SPO3858",1.04,0.01
"SPO3859",1.02,0.01
"SPO3860",1.02,0.02
"SPO3861",0.96,0.01
"SPO3862",0.98,0.04
"SPO3863",0.98,0.02
"SPO3864",1.02,0.01
"SPO3865",0.55,0.04
"SPO3866",0.76,0.03
"SPO3867",0.76,0.02
"SPO3868",0.96,0.02
"SPO3869",0.79,NA
"SPO3870",0.97,0.03
"SPO3871",1.02,0.03
"SPO3872",0.66,0.02
"SPO3873",0.71,0.03
"SPO3874",1.07,0.02
"SPO3875",0.95,0.03
"SPO3876",0.98,0.03
"SPO3877",1.06,0.01
"SPO3878",1,0.01
"SPO3879",1.01,0
"SPO3880",1.04,0.02
"SPO3881",0.97,0.03
"SPO3882",1.02,0.01
"SPO3883",1.02,0.02
"SPO3884",1.04,0.01
"SPO3885",1.02,0.01
"SPO3886",0.84,0.02
"SPO3887",0.98,0.02
"SPO3888",0.74,0.05
"SPO3889",1.04,0.02
"SPO3890",0.7,0.08
"SPO3891",0,0
"SPO3892",0.98,0.02
"SPO3894",1.04,0.08
"SPO3895",0.88,0.03
"SPO3896",0.5,0.25
"SPO3897",0.88,0.04
"SPO3898",1.02,0.02
"SPO3899",0.96,0.04
"SPO3900",1.04,0.05
"SPO3901",1.07,0.02
"SPO3902",0.96,0.01
"SPO3903",0.95,0.04
"SPO3904",1.07,0.08
"SPOA0001",0.97,0.04
"SPOA0002",1.09,0.03
"SPOA0003",0.99,0.04
"SPOA0004",1,0.02
"SPOA0005",1.03,0.09
"SPOA0006",0.85,0.07
"SPOA0007",0.45,0.22
"SPOA0008",0.34,0.34
"SPOA0012",0.94,0.03
"SPOA0013",1,0.06
"SPOA0014",1,0.02
"SPOA0017",0.13,0.13
"SPOA0018",0.91,0.11
"SPOA0019",0.91,0.04
"SPOA0020",0.94,0.1
"SPOA0021",0.98,0.04
"SPOA0022",1,0.05
"SPOA0023",1.01,0.03
"SPOA0024",1.03,0.03
"SPOA0025",0.91,0.08
"SPOA0026",0.83,0.04
"SPOA0027",0.89,0.03
"SPOA0028",1.07,0.03
"SPOA0029",1.03,0
"SPOA0030",1.06,0.01
"SPOA0031",1.08,0.01
"SPOA0032",1.04,0.02
"SPOA0033",1.02,0.02
"SPOA0034",1,0.02
"SPOA0035",1.04,0.06
"SPOA0036",1.06,0.01
"SPOA0037",1.16,0.06
"SPOA0038",1.04,0.02
"SPOA0039",1.02,0.02
"SPOA0040",0.99,0.03
"SPOA0041",1.11,0.05
"SPOA0042",1.03,0.04
"SPOA0043",0.99,0.03
"SPOA0044",0.96,0.01
"SPOA0045",1.08,0.07
"SPOA0046",0.97,0.04
"SPOA0047",0.92,0.05
"SPOA0048",0.89,0.09
"SPOA0049",0.86,0.04
"SPOA0050",0.95,0.02
"SPOA0051",0.97,0.03
"SPOA0052",1.03,0.04
"SPOA0053",1.03,0.03
"SPOA0054",0.68,0.15
"SPOA0055",1.03,0.04
"SPOA0056",0.92,0.06
"SPOA0057",0.95,0.02
"SPOA0058",0.91,0.04
"SPOA0059",0.93,0.03
"SPOA0060",1.05,0.02
"SPOA0061",0.97,0.02
"SPOA0062",0.96,0.04
"SPOA0063",0.95,0.02
"SPOA0064",0.91,0.04
"SPOA0065",1.03,0.02
"SPOA0066",0.98,0.1
"SPOA0067",1.08,0.03
"SPOA0068",1.04,0.05
"SPOA0069",0.96,0.03
"SPOA0070",0.99,0.04
"SPOA0071",0.87,0.05
"SPOA0072",0.92,0.02
"SPOA0073",0.49,0.12
"SPOA0074",0.79,0.09
"SPOA0075",1.01,0.05
"SPOA0076",0.98,0.02
"SPOA0078",1.06,0.04
"SPOA0079",0.93,0.03
"SPOA0081",0.96,0.01
"SPOA0082",0.95,0.01
"SPOA0083",0.96,0.02
"SPOA0084",0.93,0.09
"SPOA0085",0.89,0.1
"SPOA0086",0.92,0.02
"SPOA0087",0.94,0.03
"SPOA0088",1.1,0.01
"SPOA0089",0.94,0.05
"SPOA0090",0.96,0.03
"SPOA0091",1.06,0.05
"SPOA0093",0.99,0.02
"SPOA0094",1.04,0.05
"SPOA0095",1.03,0.06
"SPOA0096",1.08,0.01
"SPOA0097",0.97,0.04
"SPOA0098",1.04,0.03
"SPOA0099",0.98,0.04
"SPOA0100",1.02,0.04
"SPOA0101",1,0.03
"SPOA0102",1.02,0.04
"SPOA0103",0.99,0.04
"SPOA0104",0.98,0.02
"SPOA0105",1.02,0.06
"SPOA0106",0.92,0.02
"SPOA0107",0.95,0.06
"SPOA0108",0.93,0.02
"SPOA0109",0,NA
"SPOA0110",0.92,0.03
"SPOA0111",1.09,0.02
"SPOA0112",0.92,0.02
"SPOA0113",0.95,0.03
"SPOA0114",0.91,0.04
"SPOA0115",0.84,0.07
"SPOA0116",1.03,0.05
"SPOA0117",0.97,0.06
"SPOA0118",1.02,0.02
"SPOA0119",0.95,0.01
"SPOA0120",0.92,0.02
"SPOA0121",0.95,0.03
"SPOA0122",0.96,0.02
"SPOA0123",1.02,0.02
"SPOA0124",1.03,0.02
"SPOA0125",0.96,0.01
"SPOA0126",0.94,0.03
"SPOA0127",1,0.06
"SPOA0128",0.98,0.02
"SPOA0129",0.88,0.07
"SPOA0130",0.91,0.04
"SPOA0131",1.02,0.01
"SPOA0132",0.98,0.02
"SPOA0133",0.94,0.04
"SPOA0134",0.96,0.01
"SPOA0138",1.04,0.03
"SPOA0139",1.08,0.08
"SPOA0141",0.88,0.06
"SPOA0142",1,0.03
"SPOA0143",0.96,0.03
"SPOA0144",0.95,0.06
"SPOA0145",0.99,0.02
"SPOA0146",0.9,0.05
"SPOA0147",0.84,0.05
"SPOA0148",0.98,0.05
"SPOA0149",0.99,0.01
"SPOA0150",0.96,0.01
"SPOA0151",1.01,0.05
"SPOA0152",0.94,0.06
"SPOA0153",0.89,0.12
"SPOA0154",0.98,0.01
"SPOA0155",0.93,0.02
"SPOA0156",0.93,0.05
"SPOA0157",0.98,0.05
"SPOA0158",0.92,0.02
"SPOA0159",0.93,0.08
"SPOA0160",0.94,0.03
"SPOA0161",1.01,0.03
"SPOA0162",0.92,0.15
"SPOA0163",0.96,0.07
"SPOA0164",1.02,0.03
"SPOA0165",1.02,0.01
"SPOA0166",0.94,0.04
"SPOA0167",0.91,0.03
"SPOA0168",0.92,0.03
"SPOA0169",1.05,0.02
"SPOA0170",1.04,0.01
"SPOA0171",0.98,0.04
"SPOA0172",0.76,0.09
"SPOA0173",0.88,0.03
"SPOA0174",0.81,0.12
"SPOA0175",0.91,0.04
"SPOA0176",0.94,0.05
"SPOA0177",0.92,0.02
"SPOA0180",1.01,0.03
"SPOA0181",0.93,0.01
"SPOA0182",0.94,0.04
"SPOA0183",1.08,0.08
"SPOA0184",0.97,0.02
"SPOA0185",1.1,0.07
"SPOA0186",1,0.02
"SPOA0187",0.96,0.02
"SPOA0188",0.9,0.02
"SPOA0189",0.96,0.06
"SPOA0190",0.97,0.02
"SPOA0191",0.99,0.07
"SPOA0192",1.03,0.08
"SPOA0193",0.43,0.25
"SPOA0194",0.92,0.02
"SPOA0195",0.91,0.08
"SPOA0196",0.91,0.09
"SPOA0197",1.07,0.13
"SPOA0198",0.98,0.04
"SPOA0199",0.98,0.06
"SPOA0200",0.98,0.03
"SPOA0201",0.92,0.02
"SPOA0202",0,0
"SPOA0203",0.99,0.01
"SPOA0204",1.03,0.06
"SPOA0205",0.98,0.02
"SPOA0206",0.99,0.04
"SPOA0207",1.04,0.01
"SPOA0208",1,0.01
"SPOA0209",0.91,0.03
"SPOA0210",0.97,0.04
"SPOA0211",1.08,0.02
"SPOA0212",0.86,0.02
"SPOA0213",0.98,0.03
"SPOA0214",0.94,0.08
"SPOA0215",0.93,0.07
"SPOA0216",0.96,0.03
"SPOA0217",0.94,0.06
"SPOA0218",0.88,0.04
"SPOA0219",0.8,0.45
"SPOA0220",0.93,0.03
"SPOA0221",0.93,0.04
"SPOA0222",1.02,0.13
"SPOA0223",1.06,0.03
"SPOA0224",0.95,0.09
"SPOA0225",0.9,0.1
"SPOA0226",1.08,0.07
"SPOA0227",0.89,0.03
"SPOA0228",0.89,0.03
"SPOA0229",0.23,0.23
"SPOA0230",1.01,0.03
"SPOA0231",0.85,0
"SPOA0232",0.82,0.03
"SPOA0233",0.98,0.04
"SPOA0234",0.99,0.03
"SPOA0235",1.02,0.05
"SPOA0236",1.13,0.03
"SPOA0237",1.17,0.02
"SPOA0238",1.16,0.04
"SPOA0239",1.04,0.04
"SPOA0240",1.08,0.02
"SPOA0241",0.94,0.03
"SPOA0242",0.96,0.02
"SPOA0243",0.97,0.03
"SPOA0244",0.93,0.04
"SPOA0245",0.94,0
"SPOA0246",0.94,0.06
"SPOA0247",0.98,0.02
"SPOA0248",0.97,0.05
"SPOA0249",0.86,0.02
"SPOA0250",0.96,0.04
"SPOA0251",0.92,0.05
"SPOA0252",0.84,0.01
"SPOA0253",0.96,0.04
"SPOA0254",0.92,0.08
"SPOA0255",0.94,0.05
"SPOA0256",0.95,0.09
"SPOA0257",0.89,0.04
"SPOA0258",0.91,0.03
"SPOA0259",1.04,0.01
"SPOA0260",0.93,0.04
"SPOA0261",0.76,0.01
"SPOA0262",0.98,0.02
"SPOA0263",1.02,0.04
"SPOA0264",0.95,0.08
"SPOA0265",1,0.03
"SPOA0266",1,0.05
"SPOA0267",0.92,0.02
"SPOA0268",1.07,0.02
"SPOA0269",0.93,0.02
"SPOA0270",0.87,0.06
"SPOA0271",0.94,0.06
"SPOA0272",1,0.01
"SPOA0273",0.98,0.05
"SPOA0274",0.92,0.01
"SPOA0275",1.01,0.04
"SPOA0276",1.02,0.06
"SPOA0277",1.06,0.07
"SPOA0278",1.01,0.05
"SPOA0279",0.92,0.06
"SPOA0280",0.97,0.04
"SPOA0281",1.06,0.03
"SPOA0282",1.04,0.03
"SPOA0283",1.07,0.09
"SPOA0284",1,0.01
"SPOA0285",0.98,0.05
"SPOA0286",1.16,0.08
"SPOA0287",1.01,0.04
"SPOA0288",0.93,0.02
"SPOA0289",1.02,0.02
"SPOA0290",1.03,0.03
"SPOA0291",1.01,0.03
"SPOA0292",1.05,0.03
"SPOA0293",1.04,0.01
"SPOA0294",1.04,0.03
"SPOA0295",0.94,0.02
"SPOA0296",0.95,0.04
"SPOA0297",0.99,0.02
"SPOA0298",0.97,0.01
"SPOA0299",0.92,0.02
"SPOA0300",0.98,0.02
"SPOA0301",1.03,0.01
"SPOA0302",1.09,0.02
"SPOA0306",1,0.01
"SPOA0309",0.96,0.01
"SPOA0310",0.94,0.02
"SPOA0311",1,0.01
"SPOA0312",0.92,0.03
"SPOA0313",0.98,0.04
"SPOA0314",0.94,0.01
"SPOA0316",0.98,0.03
"SPOA0317",1,0.02
"SPOA0318",1.02,0.04
"SPOA0319",1.02,0.02
"SPOA0320",0.92,0.06
"SPOA0321",1.08,0.04
"SPOA0322",1.03,0.02
"SPOA0323",0.95,0.09
"SPOA0324",1.06,0.04
"SPOA0325",1.04,0.05
"SPOA0326",1.07,0.04
"SPOA0327",0.93,0.08
"SPOA0328",1,0.06
"SPOA0329",1.03,0.08
"SPOA0330",0.91,0.04
"SPOA0331",0.93,0.04
"SPOA0332",0.96,0.02
"SPOA0333",0.95,0.03
"SPOA0334",0.94,0.01
"SPOA0335",0.95,0.03
"SPOA0336",1.28,0.03
"SPOA0337",0.94,0
"SPOA0338",1.04,0.01
"SPOA0339",0.86,0.14
"SPOA0340",0.47,0.24
"SPOA0341",0.86,0.03
"SPOA0342",1.06,0.01
"SPOA0343",1.06,0.01
"SPOA0344",0.17,0.07
"SPOA0346",1.15,NA
"SPOA0347",1.04,0.02
"SPOA0348",0.97,0.04
"SPOA0349",1,0.05
"SPOA0351",1.25,0.01
"SPOA0352",1.05,0.01
"SPOA0353",1.02,0.03
"SPOA0354",0.98,0.02
"SPOA0355",0.93,0.02
"SPOA0356",0.98,0.01
"SPOA0357",1,0.09
"SPOA0358",1.01,0.08
"SPOA0359",0.99,0
"SPOA0360",0.92,0.04
"SPOA0361",0.3,0.3
"SPOA0362",0.96,0.04
"SPOA0363",0.97,0.05
"SPOA0364",0.97,0.01
"SPOA0365",1.05,0.05
"SPOA0366",0.9,0.02
"SPOA0367",0.9,0.02
"SPOA0368",0.82,0.04
"SPOA0369",1.02,0.02
"SPOA0370",0.94,0.02
"SPOA0371",0.95,0.05
"SPOA0372",0.88,0.07
"SPOA0373",1.15,0.18
"SPOA0374",0.96,0.02
"SPOA0375",0.99,0.04
"SPOA0376",0.93,0.03
"SPOA0377",0.92,0.04
"SPOA0378",1.04,0.03
"SPOA0379",1.04,0.02
"SPOA0380",1.04,0.04
"SPOA0381",0.96,0.07
"SPOA0382",0.98,0.04
"SPOA0383",1.02,0.03
"SPOA0384",0.99,0.05
"SPOA0385",1.01,0.06
"SPOA0386",0.93,0.03
"SPOA0387",1,0.06
"SPOA0388",0.95,0.06
"SPOA0389",1,0.02
"SPOA0390",1.05,0.03
"SPOA0391",0.93,0.06
"SPOA0392",0.91,0.05
"SPOA0393",1.04,0.03
"SPOA0394",0.94,0.07
"SPOA0395",0.95,0.02
"SPOA0397",0.97,0.16
"SPOA0398",0.81,0.16
"SPOA0399",1.01,0.05
"SPOA0401",0.89,0.06
"SPOA0402",0.94,0.07
"SPOA0403",0.98,0.02
"SPOA0404",1.02,0.03
"SPOA0405",1.03,0.05
"SPOA0406",1.04,0.03
"SPOA0407",0.94,0.04
"SPOA0408",1,0.02
"SPOA0409",0.96,0.01
"SPOA0410",1,0.02
"SPOA0411",0.94,0.1
"SPOA0412",0.98,0.01
"SPOA0413",1.06,0.02
"SPOA0414",1,0.03
"SPOA0416",1.05,0.02
"SPOA0417",1,0.02
"SPOA0418",0.93,0.07
"SPOA0419",1.01,0.05
"SPOA0420",1.04,0.09
"SPOA0421",0.91,0.05
"SPOA0422",0.73,0.05
"SPOA0423",0.69,0.11
"SPOA0424",0.96,0.04
"SPOA0425",0.92,0.05
"SPOA0426",1.01,0.04
"SPOA0427",0.97,0.08
"SPOA0428",1.03,0.02
"SPOA0429",0.96,0.05
"SPOA0430",1.1,0.05
"SPOA0431",1,0.01
"SPOA0432",1.09,0.03
"SPOA0433",1,0.05
"SPOA0434",1,0.03
"SPOA0435",1.01,0.03
"SPOA0436",0.92,0.07
"SPOA0437",0.98,0.03
"SPOA0438",0.94,0.05
"SPOA0441",0.97,0.04
"SPOA0443",1.05,0.05
"SPOA0445",0.79,0.12
"SPOA0446",1.04,0.02
"SPOA0449",0.85,0.03
"SPOA0450",1,0.06
"SPOA0451",1.07,0.01
"SPOA0452",0.86,0.01
