"spo","mean_rpomAlone","lwrCL_rpomAlone","uprCL_rpomAlone","naCount_rpomAlone","mean_vib","lwrCL_vib","uprCL_vib","naCount_vib","mean_mari","lwrCL_mari","uprCL_mari","naCount_mari","mean_CC","lwrCL_CC","uprCL_CC","naCount_CC","gene","funct","NCBI","meanNA","Vib_diff","Vib_fold_diff","Mari_diff","Mari_fold_diff","CC_diff","CC_fold_diff","Vib_sig","Mari_sig","CC_sig"
"SPO0071",1.055,1.022,1.096,0,0.972,0.924,1.02,0,0.991,0.962,1.026,0,0.92,0.846,0.988,0,"SPO0071","competence protein F, putative","SPO_RS00360",0,-0.083,-0.118214779988766,-0.0639999999999999,-0.0902860364080592,-0.135,-0.197537232650172,"yes",NA,"yes"
"SPO0095",0.889,0.841,0.925,0,0.958,0.929,0.992,0,0.958,0.94,0.977,0,0.937,0.892,0.975,0,"pncB","nicotinate phosphoribosyltransferase","SPO_RS00480",0,0.069,0.10784223690641,0.069,0.10784223690641,0.048,0.0758656288294171,"yes","yes",NA
"SPO0102",0.74,0.695,0.79,0,1.001,0.978,1.024,0,0.992,0.974,1.007,0,1.01,0.968,1.046,0,"panB","3-methyl-2-oxobutanoate hydroxymethyltransferase","SPO_RS00515",0,0.261,0.435844798319681,0.252,0.422814849870563,0.27,0.448758117122845,"yes","yes","yes"
"SPO0103",0.762,0.704,0.817,0,1.05,0.994,1.099,0,1.032,0.991,1.069,0,1.027,0.972,1.077,0,"panC","pantoate--beta-alanine ligase","SPO_RS00520",0,0.288,0.462526425060163,0.27,0.437580067929932,0.265,0.430573278824873,"yes","yes","yes"
"SPO0215",0.19,0.151,0.22,0,0.418,0.373,0.477,0,0.29,0.164,0.375,0,0.332,0.255,0.41,0,"leuD-1","3-isopropylmalate dehydratase, small subunit","SPO_RS01095",0,0.228,1.13750352374993,0.1,0.610053481683987,0.142,0.805183823015977,"yes",NA,"yes"
"SPO0219",0.991,0.962,1.02,0,1.07,1.048,1.09,0,1.024,1.007,1.044,0,1.056,1.029,1.083,0,"SPO0219","iojap-related protein","SPO_RS01115",0,0.0790000000000001,0.110653834102021,0.033,0.0472587528135118,0.0650000000000001,0.0916528721719654,"yes",NA,NA
"SPO0253",1.142,1.13,1.157,0,1.051,1.034,1.071,0,1.048,1.03,1.066,0,1.022,1.016,1.029,0,"ilvE","branched-chain amino acid aminotransferase","SPO_RS01290",0,-0.091,-0.119799981400664,-0.0939999999999999,-0.123923933825392,-0.12,-0.160167454425221,"yes","yes","yes"
"SPO0289",0.782,0.735,0.827,0,0.937,0.897,0.979,0,0.87,0.818,0.924,0,0.884,0.833,0.93,0,"SPO0289","Ser/Thr protein phosphatase family protein","SPO_RS01470",0,0.155,0.260880440351835,0.088,0.153846793428738,0.102,0.176877762084079,"yes",NA,"yes"
"SPO0291",0.727,0.705,0.751,0,0.821,0.789,0.858,0,0.755,0.68,0.813,0,0.812,0.794,0.832,0,"SPO0291","molybdenum cofactor biosynthesis protein B","SPO_RS01480",0,0.094,0.17542685785821,0.028,0.0545212802928469,0.0850000000000001,0.159524363265582,"yes",NA,"yes"
"SPO0306",0.837,0.788,0.882,0,0.957,0.918,0.99,0,0.885,0.843,0.923,0,0.964,0.906,1.012,0,"fdhD","formate dehydrogenase accessory protein FdhD","SPO_RS01560",0,0.12,0.193291301935682,0.048,0.0804498324200162,0.127,0.203805523679618,"yes",NA,"yes"
"SPO0322",1.146,1.114,1.178,0,1.036,1.009,1.065,0,1,0.956,1.043,0,1.02,0.831,1.175,0,"SPO0322","hypothetical protein","SPO_RS22380",0,-0.11,-0.145583041070351,-0.146,-0.196607044094818,-0.126,-0.168037891898047,"yes","yes",NA
"SPO0323",1.041,1.018,1.072,0,0.96,0.93,0.991,0,0.966,0.954,0.978,0,0.945,0.91,0.981,0,"SPO0323","hypothetical protein","SPO_RS01645",0,-0.081,-0.116863757690898,-0.075,-0.107874974463644,-0.096,-0.139583834190982,"yes","yes","yes"
"SPO0325",0.635,0.491,0.776,0,1.022,0.926,1.123,0,0.939,0.841,1.042,0,0.964,0.844,1.08,0,"phbB","acetoacetyl-CoA reductase","SPO_RS01655",0,0.387,0.686566699278093,0.304,0.564368565994246,0.329,0.602276554570433,"yes","yes","yes"
"SPO0344a",0.492,0.395,0.589,0,0.829,0.746,0.913,0,0.73,0.683,0.787,0,0.899,0.833,0.979,0,"SPO0344a","hypothetical protein","SPO_RS01750",0,0.337,0.75271378615651,0.238,0.56923814842814,0.407,0.869662800175208,"yes","yes","yes"
"SPO0356",1.02,0.993,1.041,0,0.946,0.908,0.986,0,0.995,0.976,1.01,0,1.004,0.982,1.028,0,"SPO0356","hypothetical protein","SPO_RS01810",0,-0.0740000000000001,-0.108657063519463,-0.025,-0.0358007214278468,-0.016,-0.022809882908086,"yes",NA,NA
"SPO0366",0.886,0.874,0.902,0,1.023,1.015,1.032,0,0.971,0.955,0.986,0,1.005,0.995,1.014,0,"deoD","purine nucleoside phosphorylase","SPO_RS01855",0,0.137,0.20742754119031,0.085,0.132164596864174,0.119,0.181816897511273,"yes","yes","yes"
"SPO0386",0.329,0.207,0.422,0,0.663,0.512,0.823,0,0.529,0.433,0.614,0,0.821,0.763,0.873,0,"SPO0386","universal stress family protein","SPO_RS01955",0,0.334,1.01092128637735,0.2,0.685180138378784,0.492,1.31929463804256,"yes","yes","yes"
"SPO0388",1.117,1.101,1.132,0,1.03,1.004,1.061,0,1.033,1.02,1.046,0,1.029,1.011,1.05,0,"SPO0388","aminotransferase, class IV","SPO_RS01965",0,-0.087,-0.116984848412734,-0.0840000000000001,-0.112788931618255,-0.0880000000000001,-0.118386203589346,"yes","yes","yes"
"SPO0397",0.89,0.778,1.02,0,0.213,0,0.644,0,0.595,0.417,0.731,0,0,0,0,0,"glnD","protein-P-II uridylyltransferase","SPO_RS02010",0,-0.677,-2.06295190562792,-0.295,-0.580915667658454,-0.89,-Inf,"yes","yes","yes"
"SPO0410",0.656,0.582,0.733,0,0.873,0.834,0.916,0,0.743,0.696,0.794,0,0.807,0.759,0.86,0,"SPO0410","molybdopterin biosynthesis protein MoeB, putative","SPO_RS02075",0,0.217,0.412285839011356,0.087,0.179666395920512,0.151,0.298872858659697,"yes",NA,"yes"
"SPO0415",0.995,0.969,1.024,0,0.915,0.872,0.949,0,1.015,0.997,1.032,0,1.003,0.974,1.042,0,"SPO0415","D-isomer specific 2-hydroxyacid dehydrogenase family protein","SPO_RS02100",0,-0.08,-0.120924782259606,0.0199999999999999,0.0287112966415272,0.0079999999999999,0.0115531751811695,"yes",NA,NA
"SPO0422",0.382,0.286,0.451,0,0.584,0.544,0.615,0,0.578,0.508,0.642,0,0.568,0.487,0.646,0,"leuA","2-isopropylmalate synthase","SPO_RS02135",0,0.202,0.612395730844268,0.196,0.59749685446493,0.186,0.572318291468933,"yes","yes","yes"
"SPO0446",0.798,0.761,0.834,0,0.929,0.906,0.955,0,0.95,0.926,0.975,0,0.93,0.89,0.967,0,"SPO0446","ABC transporter, ATP-binding protein","SPO_RS02255",0,0.131,0.219289850160307,0.152,0.251538766995964,0.132,0.220841969773048,"yes","yes","yes"
"SPO0503",0.627,0.583,0.67,0,0.804,0.756,0.853,0,0.737,0.681,0.792,0,0.791,0.748,0.837,0,"rpmD","ribosomal protein L30","SPO_RS02540",0,0.177,0.35873005837689,0.11,0.233199176293031,0.164,0.335212251670753,"yes","yes","yes"
"SPO0521",0.906,0.853,0.952,0,1.035,1.004,1.066,0,0.989,0.964,1.014,0,1.063,1.029,1.096,0,"SPO0521","glutamate/glutamine/aspartate/asparagine ABC transporter, permease protein","SPO_RS02630",0,0.129,0.192047812340452,0.083,0.126459470712876,0.157,0.230558641484869,"yes","yes","yes"
"SPO0522",0.943,0.897,0.989,0,1.055,1.015,1.094,0,0.985,0.955,1.019,0,1.037,1.003,1.075,0,"SPO0522","glutamate/glutamine/aspartate/asparagine ABC transporter, ATP-binding protein","SPO_RS02635",0,0.112,0.161913322919451,0.042,0.0628659536686421,0.094,0.137086218138129,"yes",NA,"yes"
"SPO0554",1.123,1.076,1.178,0,0.992,0.939,1.05,0,1.011,0.962,1.054,0,1.066,1.031,1.106,0,"SPO0554","glycosyl transferase, group 1 family protein","SPO_RS02795",0,-0.131,-0.178945902013726,-0.112,-0.151574930497587,-0.0569999999999999,-0.0751504896414252,"yes","yes",NA
"SPO0590",0.601,0.299,0.815,0,0.924,0.864,0.983,0,0.771,0.705,0.834,0,0.924,0.875,0.974,0,"hpsR","transcriptional regulator, LacI family","SPO_RS02975",0,0.323,0.620527860704872,0.17,0.359365869203849,0.323,0.620527860704872,"yes",NA,"yes"
"SPO0605",1.043,1,1.081,0,0.94,0.891,0.99,0,0.978,0.941,1.01,0,1.006,0.966,1.047,0,"SPO0605","transcriptional regulator, MarR family","SPO_RS22110",0,-0.103,-0.150006495954766,-0.0649999999999999,-0.0928327875675319,-0.0369999999999999,-0.0521088527142386,"yes",NA,NA
"SPO0673",0.978,0.939,1.019,0,0.853,0.775,0.936,0,0.844,0.802,0.887,0,0.909,0.87,0.95,0,"tpa","taurine--pyruvate aminotransferase","SPO_RS03400",0,-0.125,-0.197288723633944,-0.134,-0.212591466245049,-0.069,-0.105554170758127,"yes","yes",NA
"SPO0711",0.884,0.85,0.917,0,1.049,1.028,1.07,0,1.029,0.988,1.066,0,1.028,0.976,1.083,0,"chvG","sensor histidine kinase ChvG","SPO_RS03590",0,0.165,0.246896403185836,0.145,0.219124707502537,0.144,0.217721989802447,"yes","yes","yes"
"SPO0715",0.317,0.088,0.547,0,0.831,0.638,0.998,0,0.769,0.632,0.898,0,0.7,0.239,1.057,0,"SPO0715","phosphocarrier protein HPr","SPO_RS03610",0,0.514,1.39036563663094,0.452,1.27850075782242,0.383,1.14287208169292,"yes","yes",NA
"SPO0752",1.047,0.919,1.177,0,0.666,0.556,0.779,0,0.903,0.782,1.017,0,0.961,0.887,1.022,0,"SPO0752","phenylacetic acid degradation protein, putative","SPO_RS03795",0,-0.381,-0.652667359859546,-0.144,-0.21346354944995,-0.086,-0.123653106157058,"yes",NA,NA
"SPO0783",0.798,0.729,0.866,0,0.945,0.887,0.994,0,0.854,0.801,0.91,0,0.868,0.768,0.973,0,"phnE-2","phosphonate ABC transporter, permease protein","SPO_RS03950",0,0.147,0.243925582886089,0.0559999999999999,0.0978473233981446,0.07,0.121306296222133,"yes",NA,NA
"SPO0801",0.98,0.928,1.034,0,0.834,0.781,0.886,0,0.951,0.881,1.022,0,0.941,0.899,0.988,0,"fadD","4-coumarate:CoA ligase","SPO_RS04040",0,-0.146,-0.232734365557907,-0.029,-0.0433364081420072,-0.039,-0.0585870262740339,"yes",NA,NA
"SPO0875",0.633,0.563,0.692,0,0.753,0.696,0.806,0,0.671,0.599,0.717,0,0.829,0.799,0.867,0,"gap-2","glyceraldehyde-3-phosphate dehydrogenase, type I","SPO_RS04410",0,0.12,0.250444365243587,0.038,0.0841072667718423,0.196,0.389166602067409,"yes",NA,"yes"
"SPO0894",1.102,1.027,1.177,0,0.922,0.849,1,0,1.046,0.998,1.09,0,0.993,0.9,1.072,0,"SPO0894","hypothetical protein","SPO_RS04505",0,-0.18,-0.25728556814182,-0.056,-0.0752413723242163,-0.109,-0.150258601042784,"yes",NA,NA
"SPO0911",0.38,0.308,0.455,0,0.593,0.484,0.691,0,0.482,0.326,0.644,0,0.356,0.093,0.622,0,"proC","pyrroline-5-carboxylate reductase","SPO_RS04590",0,0.213,0.642032686215056,0.102,0.343033727899014,-0.024,-0.0941221773645502,"yes",NA,NA
"SPO0916",0.862,0.762,0.943,0,0.996,0.948,1.045,0,0.951,0.914,0.993,0,0.926,0.858,0.985,0,"SPO0916","hypothetical protein","SPO_RS04615",0,0.134,0.208457872978983,0.089,0.141757471771465,0.0640000000000001,0.103324324171138,"yes",NA,NA
"SPO0923",0.998,0.862,1.088,4424,0.647,0.624,0.717,3182,0.701,0.512,0.85,4281,0.766,0.63,0.88,4404,"carB","carbamoyl-phosphate synthase, large subunit","SPO_RS04650",4072.75,-0.351,-0.625274103344753,-0.297,-0.509625371326637,-0.232,-0.381695423412303,"yes","yes",NA
"SPO0983",0.815,0.754,0.877,0,0.943,0.906,0.973,0,0.917,0.882,0.96,0,0.962,0.927,0.991,0,"lepA","GTP-binding protein LepA","SPO_RS04950",0,0.128,0.210457711556657,0.102,0.170121674476615,0.147,0.239236834651602,"yes","yes","yes"
"SPO0998",0.934,0.906,0.966,0,1.026,0.971,1.077,0,0.945,0.898,0.992,0,0.948,0.888,1.013,0,"soxC","sulfur oxidation molybdopterin C protein","SPO_RS05025",0,0.092,0.135536275897392,0.0109999999999999,0.0168917793987729,0.0139999999999999,0.021464509188597,"yes",NA,NA
"SPO1005",0.961,0.922,0.997,0,1.046,1.012,1.077,0,0.979,0.92,1.037,0,1.003,0.954,1.047,0,"SPO1005","endoribonuclease L-PSP family protein","",0,0.0850000000000001,0.122274515473191,0.018,0.0267724288299445,0.0419999999999999,0.0617132698384301,"yes",NA,NA
"SPO1042",0.84,0.748,0.929,0,1.088,1.027,1.168,0,0.899,0.813,0.975,0,0.977,0.893,1.058,0,"SPO1042","hypothetical protein","SPO_RS05250",0,0.248,0.373217323584217,0.0590000000000001,0.0979317878483247,0.137,0.217969234302263,"yes",NA,NA
"SPO1094a",1.065,1.031,1.099,0,0.985,0.952,1.018,0,1.019,0.982,1.053,0,1.004,0.968,1.04,0,"SPO1094a","hypothetical protein","SPO_RS05555",0,-0.08,-0.112657800769462,-0.046,-0.0636993789473869,-0.0609999999999999,-0.0850941611624285,"yes",NA,NA
"SPO1109",0.91,0.874,0.947,0,0.995,0.954,1.03,0,0.959,0.887,1.029,0,0.947,0.907,0.986,0,"SPO1109","endonuclease/exonuclease/phosphatase family protein","SPO_RS05625",0,0.085,0.128829980344952,0.0489999999999999,0.0756642699320722,0.0369999999999999,0.0574978803823262,"yes",NA,NA
"SPO1127",0.978,0.829,1.099,0,0.654,0.474,0.825,0,0.996,0.881,1.093,0,0.901,0.663,1.071,0,"SPO1127","cytochrome c family protein","SPO_RS05720",0,-0.324,-0.580543829454151,0.018,0.0263112771158474,-0.077,-0.118307359138695,"yes",NA,NA
"SPO1135",1.104,1.066,1.146,0,0.999,0.946,1.061,0,0.945,0.877,1.026,0,1.07,0.989,1.159,0,"SPO1135","hypothetical protein","SPO_RS05760",0,-0.105,-0.144183588985751,-0.159,-0.224353937669734,-0.034,-0.0451293754896598,"yes","yes",NA
"SPO1152",1.091,1.044,1.135,0,0.97,0.931,1.007,0,0.984,0.92,1.045,0,0.991,0.917,1.076,0,"SPO1152","twin-arginine translocation pathway signal sequence domain protein, putative","SPO_RS05840",0,-0.121,-0.169594449249117,-0.107,-0.148920880984367,-0.1,-0.138694139137119,"yes",NA,NA
"SPO1171",1.065,1.039,1.089,0,0.989,0.947,1.024,0,0.973,0.953,0.99,0,0.989,0.959,1.015,0,"pyc","pyruvate carboxylase","SPO_RS05935",0,-0.076,-0.10681100435409,-0.092,-0.130341720332089,-0.076,-0.10681100435409,"yes","yes","yes"
"SPO1231",0.896,0.866,0.929,0,0.965,0.933,1,0,0.937,0.887,0.98,0,0.948,0.925,0.969,0,"SPO1231","hypothetical protein","SPO_RS06260",0,0.069,0.107030210097839,0.041,0.0645503156015828,0.0519999999999999,0.0813883268406549,"yes",NA,NA
"SPO1240",0.446,0.251,0.628,0,0.833,0.711,0.957,0,0.585,0.526,0.644,0,0.827,0.745,0.906,0,"SPO1240","type I secretion outer membrane protein, TolC family","SPO_RS06315",0,0.387,0.901272785445243,0.139,0.391392914550462,0.381,0.89084361925097,"yes",NA,"yes"
"SPO1277",1.042,1.01,1.072,0,0.96,0.915,1.004,0,1.005,0.96,1.043,0,1.007,0.975,1.037,0,"SPO1277","hypothetical protein","SPO_RS06505",0,-0.0820000000000001,-0.11824896666999,-0.0370000000000001,-0.0521597762122174,-0.0350000000000001,-0.0492915942717238,"yes",NA,NA
"SPO1294",1.026,0.972,1.071,0,0.809,0.758,0.853,0,0.87,0.822,0.911,0,0.863,0.789,0.938,0,"SPO1294","polyhydroxyalkanoate synthesis repressor PhaR","SPO_RS06590",0,-0.217,-0.342819123177077,-0.156,-0.237943424870963,-0.163,-0.249598266428099,"yes","yes","yes"
"SPO1330",0.258,0,0.535,0,0.762,0.658,0.867,0,0.218,0,0.662,0,0.82,0.689,0.941,0,"hflC","HflC protein","SPO_RS06780",0,0.504,1.56241993207007,-0.04,-0.243042930646328,0.562,1.66825284408219,"yes",NA,"yes"
"SPO1344",0.095,0,0.372,3136,0.995,0.699,1.283,169,0.504,0,0.824,1611,0.459,0,0.905,2282,"xseA","exodeoxyribonuclease VII, large subunit","SPO_RS06850",1799.5,0.9,3.38869710710006,0.409,2.40742431516897,0.364,2.27249473508286,"yes",NA,NA
"SPO1383",0.619,0.565,0.673,0,0.833,0.806,0.867,0,0.783,0.721,0.843,0,0.898,0.883,0.913,0,"ctaD","cytochrome c oxidase, aa3-type, subunit I","SPO_RS07060",0,0.214,0.428377086151283,0.164,0.339072898076776,0.279,0.536776035526882,"yes","yes","yes"
"SPO1443",0.708,0.666,0.753,0,0.953,0.891,1.017,0,0.905,0.862,0.947,0,0.933,0.872,0.985,0,"rhlE","ATP-dependent RNA helicase RhlE","SPO_RS07355",0,0.245,0.428726853826945,0.197,0.35416843188757,0.225,0.398127720768761,"yes","yes","yes"
"SPO1461",0.993,0.922,1.054,0,0.834,0.774,0.883,0,0.918,0.841,1.004,0,0.967,0.921,1.023,0,"SPO1461","hypothetical protein","SPO_RS07445",0,-0.159,-0.25174633408371,-0.075,-0.113299564114566,-0.026,-0.0382778280515328,"yes",NA,NA
"SPO1480",0.315,0,0.845,2298,1.217,0.989,1.489,16,0.855,0,1.241,634,0.714,0,1,954,"SPO1480","short chain dehydrogenase","SPO_RS07540",975.5,0.902,1.94990543432645,0.54,1.44057259138598,0.399,1.18057224564182,"yes",NA,NA
"SPO1496",0.75,0.651,0.85,0,1.034,0.982,1.099,0,0.975,0.932,1.033,0,1.044,0.975,1.119,0,"SPO1496","ABC transporter, permease protein","SPO_RS07620",0,0.284,0.463273684931691,0.225,0.37851162325373,0.294,0.477159211186641,"yes","yes","yes"
"SPO1519",1.07,1.014,1.129,0,0.947,0.915,0.981,0,1,0.942,1.05,0,0.912,0.867,0.961,0,"coxL-1","carbon monoxide dehydrogenase, large subunit","SPO_RS07730",0,-0.123,-0.176174465820124,-0.0700000000000001,-0.0976107966264223,-0.158,-0.230505067123768,"yes",NA,"yes"
"SPO1526",1.38,1.224,1.522,3197,1.016,0.902,1.124,4347,1.133,0.973,1.276,3119,0.991,0.744,1.164,4316,"SPO1526","efflux transporter, RND family, MFP subunit","SPO_RS07765",3744.75,-0.364,-0.441767864893365,-0.247,-0.284520405845016,-0.389,-0.477711304479043,"yes",NA,"yes"
"SPO1699",0.934,0.849,1,0,1.129,1.044,1.191,0,1.15,1.003,1.243,0,1.088,0.983,1.195,0,"SPO1699","MmgE/PrpD family protein","SPO_RS08620",0,0.195,0.273551031063339,0.216,0.300139406122075,0.154,0.220184101540677,"yes","yes",NA
"SPO1707a",0.701,0.495,0.909,0,0.984,0.915,1.07,0,0.928,0.808,1.056,0,0.957,0.89,1.03,0,"SPO1707a","branched-chain amino acid ABC transporter, ATP-binding protein, putative","SPO_RS08685",0,0.283,0.489243871328617,0.227,0.404710361116949,0.256,0.449104480475402,"yes",NA,NA
"SPO1723",1.261,1.229,1.3,0,1.023,0.972,1.072,0,1.036,0.977,1.089,0,1.072,1.048,1.104,0,"uxuA","mannonate dehydratase","SPO_RS08770",0,-0.238,-0.301762130582891,-0.225,-0.283544272641666,-0.189,-0.234263369870447,"yes","yes","yes"
"SPO1814",1.163,1.113,1.212,0,1,0.941,1.061,0,1.009,0.96,1.06,0,1.025,0.978,1.074,0,"SPO1814","TRAP dicarboxylate transporter, DctP subunit, putative","SPO_RS09230",0,-0.163,-0.217851096811131,-0.154,-0.204924922366861,-0.138,-0.18222718708041,"yes","yes","yes"
"SPO1816",1.089,1.072,1.104,0,0.967,0.923,1.012,0,0.969,0.945,0.995,0,0.966,0.935,0.997,0,"SPO1816","TRAP dicarboxylate transporter, DctM subunit, putative","SPO_RS09240",0,-0.122,-0.171416159240066,-0.12,-0.168435383301826,-0.123,-0.172908859881134,"yes","yes","yes"
"SPO1862",0.908,0.867,0.965,0,1.075,1.022,1.136,0,0.937,0.839,1.021,0,0.983,0.926,1.045,0,"SPO1862","metFprotein-like protein","SPO_RS09465",0,0.167,0.243572457185908,0.029,0.0453567503682718,0.075,0.114499119049666,"yes",NA,NA
"SPO1863",0.336,0.11,0.497,0,0.7,0.532,0.809,0,0.403,0.346,0.45,0,0.692,0.515,0.817,0,"SPO1863","pterin binding component of split MetH","SPO_RS09470",0,0.364,1.05889368905357,0.067,0.262318605749207,0.356,1.04231080485796,"yes",NA,"yes"
"SPO1870",0.047,0,0.123,0,0.412,0.284,0.541,0,0.259,0.079,0.388,0,0.504,0.432,0.566,0,"purL","phosphoribosylformylglycinamidine synthase II","SPO_RS09505",0,0.365,3.13191167550558,0.212,2.46221943600892,0.457,3.42269107182228,"yes",NA,"yes"
"SPO1875",0.821,0.739,0.916,0,1,0.931,1.069,0,0.963,0.91,1.01,0,1.05,0.989,1.104,0,"murI","glutamate racemase","SPO_RS09530",0,0.179,0.284545872884282,0.142,0.230153576065655,0.229,0.35493520077568,"yes",NA,"yes"
"SPO1921",0.446,0.144,0.698,0,1.036,0.989,1.077,0,0.846,0.781,0.917,0,0.77,0.464,0.946,0,"SPO1921","pyridoxal-phosphate dependent enzyme","SPO_RS09750",0,0.59,1.21590838776625,0.4,0.923613953199645,0.324,0.787814735661959,"yes","yes",NA
"SPO1963",0.793,0.684,0.9,0,1.018,0.958,1.076,0,0.994,0.891,1.085,0,0.993,0.914,1.075,0,"SPO1963","phosphoglycerate mutase family protein","SPO_RS09965",0,0.225,0.360344790371717,0.201,0.325924985858308,0.2,0.324472851824395,"yes",NA,"yes"
"SPO2049",1.015,1.001,1.031,0,0.926,0.858,0.997,0,0.962,0.934,0.985,0,0.927,0.906,0.951,0,"SPO2049","radical SAM domain protein","SPO_RS10395",0,-0.0889999999999999,-0.132395628812302,-0.0529999999999999,-0.0773709283024965,-0.0879999999999999,-0.130838483447008,"yes",NA,"yes"
"SPO2057",1.03,0.989,1.069,0,0.876,0.81,0.943,0,0.953,0.907,0.999,0,1,0.911,1.084,0,"SPO2057","hypothetical protein","SPO_RS10435",0,-0.154,-0.233641562469407,-0.0770000000000001,-0.112096218160639,-0.03,-0.0426443374084937,"yes",NA,NA
"SPO2081",0.67,0.593,0.755,0,0.875,0.799,0.958,0,0.836,0.743,0.934,0,0.753,0.652,0.854,0,"hfq","RNA-binding protein Hfq","SPO_RS10555",0,0.205,0.385121921374556,0.166,0.319341846735748,0.083,0.168488769326793,"yes",NA,NA
"SPO2086",0.751,0.688,0.815,0,0.903,0.848,0.962,0,0.723,0.663,0.799,0,0.802,0.693,0.894,0,"ntrY","nitrogen regulation protein ntrY","SPO_RS10580",0,0.152,0.265913079966586,-0.028,-0.054817260563154,0.051,0.0947893289406486,"yes",NA,NA
"SPO2133",1.178,1.133,1.226,0,1.046,0.968,1.114,0,1.112,1.076,1.147,0,1.027,0.939,1.111,0,"SPO2133","outer membrane protein, putative","SPO_RS10815",0,-0.132,-0.171456687583519,-0.0659999999999998,-0.0831827511069531,-0.151,-0.197903357512266,"yes",NA,"yes"
"SPO2136",0.946,0.909,0.979,0,1.037,1.009,1.066,0,1.014,0.998,1.029,0,1.037,1.027,1.047,0,"nrdJ","ribonucleoside-diphosphate reductase, adenosylcobalamin-dependent","SPO_RS10830",0,0.091,0.13250380547383,0.0680000000000001,0.100145563663946,0.091,0.13250380547383,"yes","yes","yes"
"SPO2168",0.222,0,0.452,0,0.641,0.543,0.715,0,0.265,0,0.533,0,0.488,0.292,0.648,0,"purN","phosphoribosylglycinamide formyltransferase","SPO_RS10990",0,0.419,1.52976468026864,0.043,0.255432683100456,0.266,1.13632147121278,"yes",NA,NA
"SPO2228",1.207,1.149,1.271,0,1.091,1.034,1.147,0,1.135,1.096,1.173,0,1.053,0.93,1.156,0,"SPO2228","AhpC/TSA family protein","SPO_RS11300",0,-0.116,-0.145774574431414,-0.0720000000000001,-0.0887333785767441,-0.154,-0.196920239729305,"yes",NA,NA
"SPO2286",0.969,0.935,0.994,0,1.049,1.012,1.101,0,1.024,0.986,1.059,0,1.062,1.028,1.099,0,"luxR-2","autoinducer-binding transcriptional regulator LuxR","SPO_RS11590",0,0.08,0.114446107162186,0.055,0.0796471445849191,0.0930000000000001,0.132215195389073,"yes",NA,"yes"
"SPO2334",1.045,1.017,1.078,0,0.96,0.908,0.998,0,0.938,0.909,0.963,0,1.04,0.957,1.11,0,"SPO2334","CAAX amino terminal protease family protein","SPO_RS11830",0,-0.085,-0.122396631359727,-0.107,-0.155843114452869,-0.00499999999999989,-0.00691941393979047,"yes","yes",NA
"SPO2340",0.166,0,0.359,0,0.551,0.504,0.598,0,0.45,0.326,0.56,0,0.728,0.624,0.824,0,"sodB","superoxide dismutase, Fe","SPO_RS11860",0,0.385,1.73086907722423,0.284,1.43874175987011,0.562,2.13275520885177,"yes",NA,"yes"
"SPO2341",1.061,1.024,1.096,0,0.897,0.83,0.991,0,0.957,0.907,1.007,0,1.035,0.936,1.131,0,"SPO2341","methyltransferase, FkbM family","SPO_RS11865",0,-0.164,-0.242244765995503,-0.104,-0.148833826428739,-0.026,-0.0357938885280773,"yes","yes",NA
"SPO2355",0.499,0.42,0.579,0,0.928,0.849,1.012,0,0.713,0.605,0.787,0,0.868,0.814,0.918,0,"iseR","Isethionate dissimilation regulator","SPO_RS11950",0,0.429,0.895084989790312,0.214,0.514862261106628,0.369,0.798655227107219,"yes","yes","yes"
"SPO2359",0.592,0.36,0.803,0,0.861,0.814,0.915,0,0.715,0.567,0.836,0,0.848,0.775,0.926,0,"iseJ","Isethionate dehydrogenase","SPO_RS11970",0,0.269,0.540416061767894,0.123,0.272346066036802,0.256,0.518467088934249,"yes",NA,NA
"SPO2361",0.994,0.958,1.031,0,0.897,0.853,0.947,0,0.883,0.849,0.915,0,1.001,0.934,1.07,0,"SPO2361","sensor histidine kinase/response regulator","SPO_RS11980",0,-0.097,-0.148137866643025,-0.111,-0.17083241391382,0.0069999999999999,0.0101242172737073,"yes","yes",NA
"SPO2511",0.108,0,0.323,0,0.613,0.479,0.764,0,0.288,0,0.591,0,0,0,0,0,"SPO2511","dnaK suppressor protein, putative","SPO_RS12750",0,0.505,2.50485576152731,0.18,1.41503749927884,-0.108,-Inf,"yes",NA,NA
"SPO2578",0.01,0,0.031,0,0.223,0.078,0.333,0,0.068,0,0.204,0,0.117,0,0.251,0,"ilvB","acetolactate synthase, large subunit, biosynthetic type","SPO_RS13080",0,0.213,4.47897180503294,0.058,2.76553474636298,0.107,3.54843662469604,"yes",NA,NA
"SPO2630",1.196,1.145,1.245,0,0.998,0.936,1.054,0,1.073,0.981,1.136,0,1.072,1.037,1.106,0,"SPO2630","C4-dicarboxylate transport sensor protein","SPO_RS13340",0,-0.198,-0.261105668860845,-0.123,-0.156567313441583,-0.124,-0.157912483740332,"yes","yes","yes"
"SPO2635",0,0,0,0,0.795,0.625,0.962,0,0.14,0,0.432,0,0.535,0.178,0.815,0,"cysH","phosophoadenylyl-sulfate reductase","SPO_RS13365",0,0.795,Inf,0.14,Inf,0.535,Inf,"yes",NA,"yes"
"SPO2677",0.279,0.105,0.409,0,0.635,0.56,0.709,0,0.366,0.3,0.43,0,0.569,0.39,0.748,0,"purF","amidophosphoribosyltransferase","SPO_RS13580",0,0.356,1.18649146983034,0.087,0.391578526454855,0.29,1.02816353047739,"yes",NA,NA
"SPO2738",1.14,1.032,1.231,0,0.507,0,1.008,0,1.049,0.948,1.149,0,1.069,0.956,1.173,0,"SPO2738","lipoprotein, putative","SPO_RS13910",0,-0.633,-1.16897617204876,-0.091,-0.120019146474836,-0.071,-0.0927719713316134,"yes",NA,NA
"SPO2793",0.99,0.936,1.043,0,1.102,1.045,1.171,0,1.03,1.005,1.055,0,1.064,1.01,1.136,0,"ivD","isovaleryl-CoA dehydrogenase","SPO_RS14190",0,0.112,0.154623793604186,0.04,0.0571439071036088,0.0740000000000001,0.103997720534218,"yes",NA,NA
"SPO2815",1.074,1.061,1.084,0,0.993,0.947,1.024,0,1.049,1.022,1.078,0,1.007,0.941,1.06,0,"SPO2815","peptide/nickel/opine uptake family ABC transporter, permease protein","SPO_RS14300",0,-0.0810000000000001,-0.113128370457039,-0.0250000000000001,-0.0339793154081453,-0.0670000000000002,-0.0929303099786282,"yes",NA,NA
"SPO2819",0.764,0.739,0.792,0,1.005,0.977,1.035,0,0.984,0.946,1.02,0,1.041,1.001,1.079,0,"pntB","NAD(P)+ transhydrogenase, beta subunit","SPO_RS14320",0,0.241,0.395550958030542,0.22,0.365085677303491,0.277,0.446325525263668,"yes","yes","yes"
"SPO2820",0.83,0.758,0.912,0,1.005,0.943,1.075,0,0.996,0.951,1.043,0,1.069,1.024,1.117,0,"pntA","NAD(P) transhydrogenase, alpha subunit","SPO_RS14325",0,0.175,0.276012259832004,0.166,0.263034405833794,0.239,0.365078611486203,"yes","yes","yes"
"SPO2821",0.946,0.924,0.965,0,1.055,0.98,1.123,0,1.011,0.985,1.035,0,1.03,0.991,1.085,0,"SPO2821","isoprenylcysteine carboxyl methyltransferase family protein","SPO_RS14330",0,0.109,0.157330910255152,0.0649999999999999,0.0958709085636194,0.0840000000000001,0.122732248731186,"yes",NA,"yes"
"SPO2824",1.035,0.949,1.129,0,0.759,0.611,0.902,0,0.973,0.858,1.099,0,0.938,0.832,1.052,0,"kynU","kynureninase","SPO_RS14345",0,-0.276,-0.447458976971221,-0.0619999999999999,-0.089119057605576,-0.097,-0.141970939871311,"yes",NA,NA
"SPO2906",0.599,0.497,0.7,0,0.828,0.755,0.909,0,0.786,0.663,0.87,0,0.92,0.881,0.966,0,"SPO2906","hypothetical protein","SPO_RS14745",0,0.229,0.46707476471054,0.187,0.391973309469821,0.321,0.61907785815559,"yes",NA,"yes"
"SPO2915",0.82,0.781,0.867,0,0.952,0.912,0.986,0,0.963,0.927,0.993,0,0.917,0.898,0.938,0,"SPO2915","acyl-CoA dehydrogenase family protein","SPO_RS14785",0,0.132,0.215337663802497,0.143,0.231911888338013,0.0970000000000001,0.161297824089608,"yes","yes","yes"
"SPO2922",1.153,1.089,1.217,0,0.84,0.692,0.988,0,1.073,1.02,1.129,0,1.057,0.869,1.194,0,"SPO2922","hypothetical protein","SPO_RS14820",0,-0.313,-0.456931279985649,-0.0800000000000001,-0.10374243689525,-0.0960000000000001,-0.125417136269089,"yes",NA,NA
"SPO2933",1.032,0.993,1.068,0,0.924,0.87,0.98,0,1,0.956,1.043,0,1.057,1.005,1.1,0,"SPO2933","hypothetical protein","SPO_RS14875",0,-0.108,-0.159478214007197,-0.032,-0.0454429707611672,0.0249999999999999,0.0345324059594286,"yes",NA,NA
"SPO2949",1.153,1.054,1.242,0,0.884,0.768,0.994,0,1.126,1.059,1.193,0,1.094,1.015,1.17,0,"SPO2949","endoribonuclease L-PSP family protein","SPO_RS14955",0,-0.269,-0.38327423826034,-0.0270000000000001,-0.0341856855715425,-0.0589999999999999,-0.0757797748592153,"yes",NA,NA
"SPO2952",0.504,0.443,0.566,0,0.921,0.879,0.965,0,0.705,0.643,0.769,0,0.957,0.904,1.005,0,"SPO2952","trkA domain protein","SPO_RS14970",0,0.417,0.869777422591419,0.201,0.484199523786239,0.453,0.925095190986109,"yes","yes","yes"
"SPO2953",1.03,1.01,1.046,0,0.877,0.815,0.939,0,0.867,0.845,0.884,0,0.819,0.751,0.872,0,"SPO2953","Ser/Thr protein phosphatase family protein","SPO_RS14975",0,-0.153,-0.231995589625848,-0.163,-0.248540438848746,-0.211,-0.330708980429572,"yes","yes","yes"
"SPO2964",1.113,1.081,1.146,0,0.994,0.953,1.038,0,1.031,0.991,1.067,0,1.039,1.017,1.061,0,"SPO2964","hypothetical protein","",0,-0.119,-0.163135835779673,-0.0820000000000001,-0.110409259973851,-0.0740000000000001,-0.0992579384377478,"yes","yes",NA
"SPO2965",0.786,0.738,0.842,0,0.919,0.869,0.976,0,0.909,0.832,0.985,0,1.016,0.961,1.072,0,"rpmG","ribosomal protein L33","SPO_RS15035",0,0.133,0.225535549030428,0.123,0.209750981935501,0.23,0.370299184513559,"yes",NA,"yes"
"SPO3004",0.492,0,1.002,0,1.197,1.089,1.292,0,0.865,0.755,0.966,0,0.69,0.222,1.061,0,"SPO3004","LysM/phospholipid-binding domain protein","SPO_RS15230",0,0.705,1.28269293160426,0.373,0.814041817184847,0.198,0.487938046326291,"yes",NA,NA
"SPO3032",1.065,1.036,1.102,0,0.972,0.952,1,0,1.001,0.989,1.012,0,0.976,0.949,0.998,0,"edd","phosphogluconate dehydratase","SPO_RS15370",0,-0.093,-0.13182521150742,-0.0640000000000001,-0.0894114562772072,-0.089,-0.125900377550314,"yes",NA,"yes"
"SPO3033",0.896,0.868,0.928,0,0.983,0.954,1.014,0,0.986,0.945,1.032,0,0.995,0.96,1.037,0,"zwf-2","glucose-6-phosphate 1-dehydrogenase","SPO_RS15375",0,0.087,0.133692684282976,0.09,0.138088914320307,0.099,0.151197793373407,"yes","yes","yes"
"SPO3034",0.649,0.6,0.698,0,0.944,0.903,0.985,0,0.871,0.781,0.943,0,0.99,0.963,1.01,0,"SPO3034","phosphoenolpyruvate-protein phosphotransferase","SPO_RS15380",0,0.295,0.540568381362703,0.222,0.424454240599726,0.341,0.609210046967833,"yes","yes","yes"
"SPO3039",0.881,0.839,0.929,0,1.008,0.94,1.059,0,0.951,0.866,1.032,0,0.851,0.778,0.922,0,"SPO3039","polar amino acid uptake family ABC transporter, periplasmic substrate-binding protein, putative","SPO_RS15405",0,0.127,0.194281714579503,0.07,0.11030332194015,-0.03,-0.0499828872344511,"yes",NA,NA
"SPO3043",0.974,0.932,1.014,0,1.061,1.018,1.101,0,1.013,0.939,1.078,0,1.054,1.012,1.106,0,"glnQ","glutamine ABC transporter, ATP-binding protein","SPO_RS15425",0,0.087,0.123430978832423,0.0389999999999999,0.0566404967187958,0.0800000000000001,0.113881189554873,"yes",NA,NA
"SPO3073",0.62,0.579,0.66,0,0.838,0.812,0.865,0,0.781,0.751,0.811,0,0.846,0.818,0.878,0,"ctaE","cytochrome c oxidase, subunit III","SPO_RS15570",0,0.218,0.434682028425114,0.161,0.333054332867742,0.226,0.448389447845712,"yes","yes","yes"
"SPO3075",0.47,0.4,0.54,0,0.871,0.852,0.892,0,0.762,0.657,0.846,0,0.861,0.779,0.912,0,"ctaB","Protoheme IX farnesyltransferase (EC 2.5.1.141) (Heme O synthase)","SPO_RS15580",0,0.401,0.890011962033865,0.292,0.697130240928322,0.391,0.873352480831844,"yes","yes","yes"
"SPO3076",0.593,0.558,0.624,0,0.802,0.768,0.844,0,0.819,0.77,0.882,0,0.829,0.795,0.865,0,"ctaC","cytochrome c oxidase, subunit II","SPO_RS15585",0,0.209,0.435570131908917,0.226,0.465831347095005,0.236,0.483339996949747,"yes","yes","yes"
"SPO3094",1.045,1.019,1.07,0,0.974,0.934,1.015,0,0.97,0.95,0.991,0,0.963,0.948,0.977,0,"SPO3094","lipoprotein, putative","SPO_RS15680",0,-0.071,-0.101509264885903,-0.075,-0.107446289893755,-0.082,-0.117895239124786,"yes","yes","yes"
"SPO3198",0.784,0.659,0.893,0,1.006,0.901,1.095,0,0.877,0.739,1,0,0.967,0.801,1.097,0,"rnc","ribonuclease III","SPO_RS16200",0,0.222,0.359704745690319,0.093,0.161723188329525,0.183,0.302662235361633,"yes",NA,NA
"SPO3223",1.056,1.007,1.096,0,0.941,0.877,0.995,0,1.012,0.957,1.06,0,0.962,0.877,1.039,0,"SPO3223","response regulator","SPO_RS16325",0,-0.115,-0.166343206629917,-0.044,-0.0614005446641434,-0.0940000000000001,-0.134501035588412,"yes",NA,NA
"SPO3272",0.937,0.908,0.967,0,1.033,1.008,1.057,0,0.95,0.923,0.977,0,0.93,0.885,0.979,0,"SPO3272","glutamate synthase family protein","SPO_RS16570",0,0.0959999999999999,0.140719301205873,0.0129999999999999,0.0198784655591232,-0.00700000000000001,-0.0108183316637932,"yes",NA,NA
"SPO3278",0,0,0,0,0.303,0.093,0.507,0,0.263,0.083,0.398,0,0.511,0.355,0.67,0,"pyrF","orotidine 5'-phosphate decarboxylase","SPO_RS16600",0,0.303,Inf,0.263,Inf,0.511,Inf,"yes","yes","yes"
"SPO3282",0.637,0.526,0.738,0,0.882,0.816,0.958,0,0.807,0.749,0.875,0,0.916,0.858,0.983,0,"SPO3282","N-formylglutamate amidohydrolase family protein","SPO_RS16620",0,0.245,0.46948528330122,0.17,0.34127530102148,0.279,0.524054225840644,"yes","yes","yes"
"SPO3296",0.871,0.848,0.895,0,0.935,0.903,0.964,0,0.936,0.911,0.961,0,0.95,0.913,0.989,0,"SPO3296","AMP-binding enzyme","SPO_RS16690",0,0.0640000000000001,0.102293646176135,0.0650000000000001,0.10383581098454,0.079,0.125254794619445,"yes","yes","yes"
"SPO3314",0.113,0.047,0.199,0,0.266,0.207,0.336,0,0.113,0,0.264,0,0.23,0.075,0.319,0,"ilvD","dihydroxy-acid dehydratase","SPO_RS16780",0,0.153,1.235103473086,0,0,0.117,1.02531108852919,"yes",NA,NA
"SPO3339",1.033,0.976,1.074,0,0.84,0.763,0.909,0,0.93,0.857,1.003,0,1.024,0.968,1.074,0,"SPO3339","bioY family protein","SPO_RS16915",0,-0.193,-0.298379021198937,-0.103,-0.151537632869666,-0.0089999999999999,-0.0126245388650593,"yes",NA,NA
"SPO3353",0.727,0.639,0.822,0,1.017,0.932,1.11,0,0.935,0.846,1.03,0,0.852,0.648,1.037,0,"serB-2","phosphoserine phosphatase","SPO_RS16985",0,0.29,0.484292409937906,0.208,0.363011000855405,0.125,0.228898066306244,"yes","yes",NA
"SPO3418",1.061,1.013,1.12,0,0.87,0.792,0.959,0,0.987,0.963,1.014,0,0.936,0.898,0.976,0,"SPO3418","amidase family protein","SPO_RS17305",0,-0.191,-0.286337350178674,-0.074,-0.104302666458367,-0.125,-0.18084422133136,"yes",NA,"yes"
"SPO3478",0.985,0.965,1.007,0,0.833,0.803,0.858,0,0.921,0.894,0.945,0,0.904,0.89,0.919,0,"glcD","glycolate oxidase, GlcD subunit","SPO_RS17615",0,-0.152,-0.241807228978191,-0.0639999999999999,-0.0969225682524029,-0.081,-0.123800951928551,"yes",NA,"yes"
"SPO3479",0.983,0.946,1.022,0,0.722,0.648,0.785,0,0.921,0.887,0.953,0,0.87,0.768,0.939,0,"glcE","glycolate oxidase, GlcE subunit","SPO_RS17620",0,-0.261,-0.44519257945341,-0.0619999999999999,-0.0939902602492449,-0.113,-0.17617601560449,"yes",NA,"yes"
"SPO3480",0.944,0.889,0.99,0,0.831,0.766,0.885,0,0.887,0.856,0.919,0,0.859,0.842,0.878,0,"glcF","glycolate oxidase, iron-sulfur subunit","SPO_RS17625",0,-0.113,-0.183938382591497,-0.0569999999999999,-0.0898527550607772,-0.085,-0.136128728223378,"yes",NA,"yes"
"SPO3561",0.39,0.307,0.469,0,0.754,0.703,0.814,0,0.468,0.324,0.577,0,0.68,0.639,0.719,0,"xsc","sulfoacetaldehyde acetyltransferase","SPO_RS18040",0,0.364,0.951090399519054,0.078,0.263034405833794,0.29,0.802060622388091,"yes",NA,"yes"
"SPO3594",0.698,0.578,0.807,0,0.958,0.891,1.026,0,0.732,0.667,0.799,0,0.926,0.839,1.019,0,"pheS","phenylalanyl-tRNA synthetase, alpha subunit","SPO_RS18205",0,0.26,0.456798619526528,0.034,0.0686166120743904,0.228,0.407785157050584,"yes",NA,"yes"
"SPO3604",0.853,0.813,0.894,0,0.968,0.958,0.979,0,0.918,0.884,0.95,0,1.008,0.972,1.051,0,"SPO3604","D-amino acid aminotransferase, putative","SPO_RS18260",0,0.115,0.182461305956304,0.0650000000000001,0.105948412095518,0.155,0.240877992181626,"yes",NA,"yes"
"SPO3623",1.036,1.022,1.049,0,0.928,0.871,0.984,0,1.014,0.995,1.036,0,0.99,0.953,1.028,0,"SPO3623","hypothetical protein","SPO_RS18355",0,-0.108,-0.158827292558982,-0.022,-0.0309663506832135,-0.046,-0.065523572719582,"yes",NA,NA
"SPO3633",0.686,0.58,0.794,0,0.913,0.847,0.982,0,0.796,0.734,0.864,0,0.851,0.782,0.921,0,"SPO3633","molybdopterin converting factor, subunit 2","SPO_RS18405",0,0.227,0.41240628381141,0.11,0.214559854370836,0.165,0.31095055551315,"yes",NA,NA
"SPO3661",0.917,0.858,0.981,0,0.781,0.722,0.841,0,0.78,0.708,0.85,0,0.75,0.702,0.801,0,"SPO3661","allophanate hydrolase family protein","SPO_RS18555",0,-0.136,-0.231599185453075,-0.137,-0.233447609845444,-0.167,-0.290031138211811,"yes","yes","yes"
"SPO3684",0.883,0.87,0.894,0,0.951,0.928,0.968,0,0.887,0.867,0.907,0,0.981,0.956,1.004,0,"SPO3684","transcriptional regulator, LacI family","SPO_RS18690",0,0.0679999999999999,0.107031903212097,0.004,0.006520666652598,0.098,0.151839698570773,"yes",NA,"yes"
"SPO3753",0.923,0.89,0.955,0,0.991,0.971,1.01,0,1.002,0.984,1.022,0,0.979,0.946,1.009,0,"queF","NADPH-dependent 7-cyano-7-deazaguanine reductase (EC 1.7.1.13)","SPO_RS19050",0,0.0679999999999999,0.102554409540714,0.079,0.118479955549434,0.0559999999999999,0.0849782119579207,"yes","yes",NA
"SPO3765",1.025,0.989,1.062,0,0.95,0.912,0.984,0,0.991,0.952,1.026,0,0.98,0.92,1.029,0,"SPO3765","hypothetical protein","SPO_RS19110",0,-0.075,-0.109624491174498,-0.0339999999999999,-0.0486669472063201,-0.0449999999999999,-0.0647702553902377,"yes",NA,NA
"SPO3768",0.205,0.189,0.227,0,0.398,0.372,0.42,0,0.334,0.25,0.391,0,0.361,0.325,0.407,0,"gltB","glutamate synthase, large subunit","SPO_RS19125",0,0.193,0.957144521038203,0.129,0.704224192968606,0.156,0.816374927381725,"yes","yes","yes"
"SPO3769",0.181,0.118,0.241,0,0.559,0.517,0.605,0,0.356,0.268,0.444,0,0.385,0.198,0.529,0,"SPO3769","hypothetical protein","SPO_RS19130",0,0.378,1.62685858575998,0.175,0.975887543883192,0.204,1.08886874849906,"yes","yes",NA
"SPO3770",0.158,0.114,0.202,0,0.473,0.43,0.51,0,0.342,0.258,0.421,0,0.479,0.457,0.501,0,"gltD","glutamate synthase, small subunit","SPO_RS19135",0,0.315,1.58191562516229,0.184,1.11407176670879,0.321,1.60010109755908,"yes","yes","yes"
"SPO3810",0.046,0,0.118,0,0.351,0.307,0.399,0,0.303,0.25,0.361,0,0.33,0.161,0.508,0,"gpmI","2,3-bisphosphoglycerate-independent phosphoglycerate mutase","SPO_RS19335",0,0.305,2.93176526424755,0.257,2.71961202741594,0.284,2.8427602581888,"yes","yes","yes"
"SPO3812",0.718,0.668,0.763,0,0.881,0.842,0.922,0,0.862,0.837,0.888,0,0.872,0.85,0.896,0,"SPO3812","carboxyl-terminal protease family protein","SPO_RS19345",0,0.163,0.295158175097362,0.144,0.263704025266047,0.154,0.280344290953875,"yes","yes","yes"
"SPO3855",0.544,0.524,0.56,0,0.715,0.659,0.787,0,0.644,0.593,0.694,0,0.778,0.722,0.828,0,"gpsA","glycerol-3-phosphate dehydrogenase (NAD(P)+)","SPO_RS19565",0,0.171,0.394336590415412,0.1,0.243454036864278,0.234,0.516163503735853,"yes","yes","yes"
"SPO3865",0.548,0.46,0.623,0,0.835,0.781,0.892,0,0.829,0.782,0.876,0,0.822,0.734,0.912,0,"regA","photosynthetic apparatus regulatory protein RegA","SPO_RS19615",0,0.287,0.607600304400888,0.281,0.597196208535224,0.274,0.584962500721156,"yes","yes","yes"
"SPO3867",0.764,0.724,0.804,0,0.867,0.845,0.893,0,0.873,0.848,0.903,0,0.858,0.832,0.888,0,"regB","sensor histidine kinase RegB","SPO_RS19625",0,0.103,0.182459355186086,0.109,0.192409015593691,0.094,0.167405009463797,"yes","yes","yes"
"SPO3872",0.656,0.624,0.686,0,0.72,0.702,0.737,0,0.688,0.625,0.747,0,0.772,0.733,0.81,0,"SPO3872","hypothetical protein","SPO_RS19650",0,0.0639999999999999,0.134301091711591,0.0319999999999999,0.068712750084014,0.116,0.234905032649997,"yes",NA,"yes"
"SPO3873",0.713,0.637,0.761,0,0.812,0.776,0.854,0,0.762,0.742,0.783,0,0.86,0.793,0.911,0,"SPO3873","ATP-dependent DNA helicase, UvrD/Rep family","SPO_RS19655",0,0.0990000000000001,0.187577650741288,0.049,0.095888921049434,0.147,0.270434583145572,"yes",NA,"yes"
"SPOA0002",1.094,1.049,1.141,0,0.984,0.932,1.035,0,0.99,0.956,1.026,0,0.985,0.911,1.056,0,"miaB","(dimethylallyl)adenosine tRNA methylthiotransferase","SPO_RS19790",0,-0.11,-0.152882517453317,-0.104,-0.144112307825585,-0.109,-0.151417108448818,"yes","yes",NA
"SPOA0022",0.998,0.923,1.077,0,0.445,0,0.899,0,0.803,0.619,0.92,0,0.948,0.749,1.105,0,"SPOA0022","cytochrome c5","SPO_RS19885",0,-0.553,-1.1652344794835,-0.195,-0.313639827819946,-0.05,-0.0741527564390015,"yes","yes",NA
"SPOA0024",1.031,0.993,1.074,0,0.96,0.922,0.992,0,1.001,0.968,1.034,0,0.941,0.917,0.964,0,"SPOA0024","2-oxo-hepta-3-ene-1,7-dioic acid hydratase","SPO_RS19895",0,-0.071,-0.10293802175959,-0.03,-0.0426023585321149,-0.09,-0.131777704639572,"yes",NA,"yes"
"SPOA0041",1.111,1.042,1.183,0,0.932,0.83,1.02,0,1.011,0.945,1.072,0,0.949,0.883,1.019,0,"crcB","Putative fluoride ion transporter CrcB","SPO_RS19980",0,-0.179,-0.253456956734812,-0.1,-0.136075819486078,-0.162,-0.227378824367983,"yes",NA,"yes"
"SPOA0073",0.507,0.255,0.695,0,0.941,0.855,1.022,0,0.856,0.782,0.921,0,0.848,0.756,0.937,0,"arsC-2","arsenate reductase","SPO_RS20140",0,0.434,0.892208975725196,0.349,0.755625049397806,0.341,0.742078517559859,"yes","yes","yes"
"SPOA0088",1.104,1.085,1.119,0,0.98,0.974,0.987,0,0.994,0.987,1.002,0,0.986,0.976,0.995,0,"SPOA0088","hypothetical protein","SPO_RS22660",0,-0.124,-0.171886517775599,-0.11,-0.151422415215883,-0.118,-0.163080620400258,"yes","yes","yes"
"SPOA0109",0,0,0,3247,0.948,0.392,1.153,937,0.54,0,0.974,1518,0.338,0,0.904,2252,"SPOA0109","hypothetical protein","SPO_RS20375",1988.5,0.948,Inf,0.54,Inf,0.338,Inf,"yes",NA,NA
"SPOA0111",1.087,1.05,1.123,0,1.006,0.974,1.037,0,1.024,0.997,1.05,0,1.006,0.959,1.049,0,"SPOA0111","indolepyruvate oxidoreductase, IorA subunit","SPO_RS20385",0,-0.081,-0.111721635221782,-0.0629999999999999,-0.086136225027309,-0.081,-0.111721635221782,"yes",NA,"yes"
"SPOA0112",0.917,0.885,0.946,0,0.996,0.972,1.027,0,0.951,0.92,0.975,0,0.998,0.978,1.019,0,"feaB","phenylacetaldehyde dehydrogenase","SPO_RS20390",0,0.079,0.119224008473027,0.0339999999999999,0.052523607265509,0.081,0.122118081742206,"yes",NA,"yes"
"SPOA0115",0.838,0.738,0.942,0,1.013,0.953,1.076,0,0.871,0.764,0.952,0,0.93,0.842,1.022,0,"gtdA-2","gentisate 1,2-dioxygenase","SPO_RS20405",0,0.175,0.273612025101787,0.033,0.0557224748995131,0.0920000000000001,0.150280472296042,"yes",NA,NA
"SPOA0122",0.968,0.93,1.008,0,0.89,0.842,0.929,0,0.973,0.94,1.01,0,0.905,0.866,0.944,0,"SPOA0122","ISSpo9, transposase","SPO_RS20440",0,-0.078,-0.121201711420834,0.005,0.00743275750651712,-0.0629999999999999,-0.0970892553040267,"yes",NA,NA
"SPOA0161",1.004,0.953,1.061,0,0.868,0.801,0.924,0,0.963,0.759,1.112,0,0.896,0.804,1.009,0,"SPOA0161","TRAP dicarboxylate transporter, DctQ subunit","SPO_RS20645",0,-0.136,-0.209992321506293,-0.041,-0.0601515661073128,-0.108,-0.164188631893168,"yes",NA,NA
"SPOA0170",1.041,1.025,1.06,0,0.967,0.951,0.982,0,0.998,0.959,1.037,0,0.96,0.947,0.974,0,"SPOA0170","MarR family transcriptional regulator","SPO_RS20690",0,-0.074,-0.106382273822576,-0.0429999999999999,-0.0608583479621565,-0.081,-0.116863757690898,"yes",NA,"yes"
"SPOA0172",0.761,0.661,0.876,0,0.984,0.885,1.086,0,0.941,0.881,1.002,0,0.974,0.827,1.088,0,"SPOA0172","hypothetical protein","SPO_RS20700",0,0.223,0.370761861835694,0.18,0.306298269224991,0.213,0.356025318578797,"yes","yes",NA
"SPOA0223",1.058,1.001,1.113,0,0.936,0.891,0.979,0,0.992,0.945,1.036,0,1.003,0.944,1.065,0,"nirF","cytochrome cd1 nitrite reductase","SPO_RS20950",0,-0.122,-0.176759192530621,-0.0660000000000001,-0.0929276017271506,-0.0550000000000002,-0.0770180215018453,"yes",NA,NA
"SPOA0236",1.13,1.083,1.177,0,0.952,0.915,0.992,0,0.957,0.923,0.986,0,0.983,0.942,1.026,0,"dctB","C4-dicarboxylate transport sensor protein dctB","SPO_RS21015",0,-0.178,-0.247289293994606,-0.173,-0.239731942816524,-0.147,-0.201059450961969,"yes","yes","yes"
"SPOA0237",1.164,1.133,1.195,0,0.974,0.918,1.015,0,0.986,0.964,1.007,0,0.997,0.975,1.017,0,"dctD-2","C4-dicarboxylate transport transcriptional regulatory protein DctD","SPO_RS21020",0,-0.19,-0.257097380825942,-0.178,-0.239431506530372,-0.167,-0.223425648510088,"yes","yes","yes"
"SPOA0238",1.165,1.113,1.214,0,1.018,0.966,1.069,0,1.013,0.967,1.058,0,1.023,0.974,1.069,0,"SPOA0238","TRAP dicarboxylate transporter, DctP subunit","SPO_RS21025",0,-0.147,-0.194592393465947,-0.152,-0.201695780740505,-0.142,-0.187523809796314,"yes","yes","yes"
"SPOA0240",1.086,1.054,1.117,0,0.976,0.923,1.025,0,0.981,0.954,1.007,0,0.98,0.954,1.003,0,"SPOA0240","TRAP transporter, DctM subunit","SPO_RS21035",0,-0.11,-0.154071050241475,-0.105,-0.146699061585123,-0.106,-0.148170448801791,"yes","yes","yes"
"SPOA0257",0.892,0.822,0.953,0,0.985,0.968,1.002,0,0.953,0.915,0.986,0,0.981,0.941,1.029,0,"rbsC-2","ribose ABC transporter, permease protein","SPO_RS21120",0,0.093,0.143080014423434,0.0609999999999999,0.0954325039896372,0.089,0.137209426298934,"yes",NA,NA
"SPOA0336",1.28,1.236,1.328,0,0.926,0.902,0.949,0,1.078,1.023,1.118,0,0.93,0.896,0.962,0,"SPOA0336","LacI family transcription regulator","SPO_RS21540",0,-0.354,-0.467059711627126,-0.202,-0.247786632134857,-0.35,-0.460841188891969,"yes","yes","yes"
"SPOA0351",1.248,1.18,1.316,0,1.127,1.072,1.179,0,1.151,1.094,1.205,0,1.172,1.101,1.241,0,"SPOA0351","hypothetical protein","",0,-0.121,-0.147130418690027,-0.097,-0.116730100730018,-0.0760000000000001,-0.0906453644400005,"yes",NA,NA
"SPO_Sp16SA",0.967,0.96,0.974,0,1.042,1.036,1.046,0,1.047,1.038,1.055,0,1.052,1.047,1.057,0,"16S rRNA","","",0,0.0750000000000001,0.107767482801667,0.08,0.114673647453967,0.0850000000000001,0.121546909815461,"yes","yes","yes"
"SPO_Sp16SB",0.966,0.957,0.975,0,1.043,1.036,1.049,0,1.047,1.037,1.057,0,1.052,1.047,1.057,0,"16S rRNA","","",0,0.077,0.110644063683992,0.081,0.116166348095035,0.0860000000000001,0.123039610456529,"yes","yes","yes"
"SPO_Sp16SC",0.964,0.956,0.971,0,1.043,1.037,1.05,0,1.046,1.038,1.054,0,1.053,1.05,1.056,0,"16S rRNA","","",0,0.079,0.113634106289804,0.0820000000000001,0.11777780001698,0.089,0.127400384795755,"yes","yes","yes"
"SPO0169",1.024,0.978,1.076,0,0.921,0.876,0.979,0,0.934,0.909,0.964,0,0.979,0.945,1.019,0,"SPO0169","transglycosylase, Slt family","SPO_RS00865",0,-0.103,-0.152942653908664,-0.09,-0.132721260290338,-0.045,-0.064834950396305,NA,"yes",NA
"SPO0216",0.064,0.021,0.091,0,0.154,0.076,0.266,0,0.149,0.108,0.195,0,0.267,0.156,0.38,0,"leuC-1","3-isopropylmalate dehydratase, large subunit","SPO_RS01100",0,0.09,1.2667865406949,0.085,1.21916852046216,0.203,2.06069593168755,NA,"yes","yes"
"SPO0230",1.127,1.069,1.189,0,1.015,0.944,1.089,0,1.009,0.963,1.058,0,1.026,0.966,1.095,0,"SPO0230","hypothetical protein","SPO_RS01175",0,-0.112,-0.151007788099683,-0.118,-0.159561341065864,-0.101,-0.135456784565167,NA,"yes",NA
"SPO0285",0.805,0.725,0.894,0,0.911,0.853,0.967,0,0.952,0.909,0.999,0,0.996,0.959,1.039,0,"SPO0285","hypothetical protein","SPO_RS01445",0,0.106,0.178462270800071,0.147,0.241972790305964,0.191,0.307156959066102,NA,"yes","yes"
"SPO0342",0.848,0.797,0.906,0,0.966,0.888,1.036,0,0.952,0.926,0.986,0,0.968,0.914,1.021,0,"SPO0342","hypothetical protein","SPO_RS01735",0,0.118,0.187958924272574,0.104,0.166897308744744,0.12,0.190942782711395,NA,"yes","yes"
"SPO0349",0.156,0.045,0.247,0,0.284,0.02,0.554,0,0.451,0.317,0.529,0,0.553,0.479,0.622,0,"mdh","malate dehydrogenase, NAD-dependent","SPO_RS01775",0,0.128,0.864344900642434,0.295,1.53158140439313,0.397,1.82573345137246,NA,"yes","yes"
"SPO0367",0.949,0.934,0.964,0,0.998,0.98,1.015,0,0.867,0.803,0.932,0,0.949,0.928,0.97,0,"SPO0367","DNA-binding protein, H-NS family","SPO_RS01860",0,0.049,0.0726317283161512,-0.082,-0.130376093799274,0,0,NA,"yes",NA
"SPO0482",0.89,0.834,0.947,0,0.987,0.932,1.04,0,1.003,0.959,1.049,0,1.022,0.967,1.084,0,"SPO0482","NADH-ubiquinone oxidoreductase family protein","SPO_RS02430",0,0.097,0.149244748602638,0.113,0.17244436475842,0.132,0.199517955083861,NA,"yes","yes"
"SPO0517",0.881,0.825,0.938,0,0.992,0.917,1.042,0,0.965,0.939,0.991,0,1.014,0.982,1.043,0,"SPO0517","HAD-superfamily hydrolase, subfamily IA, variant 1","SPO_RS02610",0,0.111,0.171198101466462,0.084,0.131386923235029,0.133,0.202843728082927,NA,"yes","yes"
"SPO0533",1.09,1.037,1.136,0,1.014,0.941,1.085,0,0.907,0.845,0.959,0,0.988,0.935,1.037,0,"SPO0533","diguanylate cyclase, putative","SPO_RS02690",0,-0.0760000000000001,-0.104270482660948,-0.183,-0.265153679135766,-0.102,-0.141745188079611,NA,"yes",NA
"SPO0649",0.929,0.895,0.962,0,0.987,0.949,1.025,0,0.999,0.978,1.021,0,0.976,0.907,1.029,0,"SPO0649","sugar ABC transporter, permease protein","SPO_RS03280",0,0.0579999999999999,0.0873714880737446,0.07,0.104806081409765,0.0469999999999999,0.0712025511802332,NA,"yes",NA
"SPO0675",0.74,0.649,0.819,0,0.937,0.786,1.076,0,0.92,0.829,1.022,0,0.93,0.784,1.038,0,"tauB","taurine ABC transporter, ATP-binding protein","SPO_RS03410",0,0.197,0.340523777142875,0.18,0.314108590428063,0.19,0.329705445479082,NA,"yes",NA
"SPO0690",0.889,0.852,0.934,0,0.951,0.885,1.018,0,0.974,0.935,1.014,0,0.922,0.86,0.986,0,"SPO0690","hypothetical protein","SPO_RS03485",0,0.0619999999999999,0.0972619220307934,0.085,0.131738353252572,0.033,0.052583331599568,NA,"yes",NA
"SPO0691",0.604,0.188,0.898,0,0.973,0.834,1.126,0,1.008,0.938,1.099,0,0.846,0.642,1.1,0,"era","GTP-binding protein Era","SPO_RS03490",0,0.369,0.687891255456033,0.404,0.738875184174838,0.242,0.486109113794871,NA,"yes",NA
"SPO0728",0.977,0.953,1.006,0,0.957,0.9,1.012,0,0.898,0.877,0.918,0,0.985,0.945,1.027,0,"tuf-1","translation elongation factor Tu","SPO_RS03675",0,-0.02,-0.0298396374823598,-0.079,-0.121643117227238,0.00800000000000001,0.0117651623753534,NA,"yes",NA
"SPO0763",1.047,0.989,1.107,0,0.961,0.926,0.994,0,0.924,0.875,0.971,0,0.971,0.919,1.021,0,"SPO0763","glutamine amidotransferase, class I","SPO_RS03850",0,-0.086,-0.123653106157058,-0.123,-0.180296685514751,-0.076,-0.108718241511616,NA,"yes",NA
"SPO0891",1.071,1.022,1.122,0,1.024,0.954,1.106,0,0.988,0.961,1.021,0,1.027,0.967,1.082,0,"SPO0891","alkylphosphonate utilization protein PhnM, putative","SPO_RS04490",0,-0.0469999999999999,-0.0647427647502558,-0.083,-0.116375533165578,-0.044,-0.0605222984320609,NA,"yes",NA
"SPO0910",1.089,1.069,1.109,0,1.032,1.009,1.066,0,1.012,0.986,1.038,0,1.017,0.988,1.047,0,"SPO0910","hypothetical protein","SPO_RS04585",0,-0.0569999999999999,-0.0775609832936527,-0.077,-0.105794664022597,-0.0720000000000001,-0.098684274859407,NA,"yes",NA
"SPO0955",1.065,1.03,1.11,0,1.033,0.995,1.069,0,0.981,0.954,1.009,0,1.013,0.981,1.049,0,"SPO0955","amidohydrolase domain protein","SPO_RS04795",0,-0.032,-0.0440131762481411,-0.084,-0.118528388893962,-0.052,-0.0722192563120626,NA,"yes",NA
"SPO1007",1.162,1.121,1.227,0,1.088,1.067,1.11,0,1.048,1.017,1.09,0,1.089,1.059,1.123,0,"SPO1007","hypothetical protein","SPO_RS05070",0,-0.0739999999999998,-0.0949315121541893,-0.114,-0.148971351867078,-0.073,-0.093606114687622,NA,"yes",NA
"SPO1092",1.029,0.984,1.074,0,1.002,0.939,1.086,0,0.944,0.908,0.982,0,0.937,0.877,0.994,0,"SPO1092","transcriptional regulator, LysR family","SPO_RS05540",0,-0.0269999999999999,-0.0383604736987599,-0.085,-0.124384217532127,-0.0919999999999999,-0.135122029234782,NA,"yes",NA
"SPO1097",0.402,0.125,0.663,0,0.668,0.53,0.814,0,0.763,0.687,0.849,0,0.429,0.129,0.696,0,"SPO1097","hypothetical protein","SPO_RS05570",0,0.266,0.732652601295124,0.361,0.924487555655602,0.027,0.0937821463206168,NA,"yes",NA
"SPO1143",0.828,0.738,0.916,0,0.818,0.746,0.908,0,0.976,0.924,1.035,0,0.862,0.709,1.018,0,"eutA","Ectoine utilization protein EutA","SPO_RS05800",0,-0.01,-0.0175299245575765,0.148,0.237250380063561,0.034,0.0580571015897728,NA,"yes",NA
"SPO1172",1.179,1.087,1.269,0,1.102,1.011,1.215,0,1.005,0.938,1.074,0,1.041,0.981,1.106,0,"SPO1172","FMN-dependent alpha-hydroxy acid dehydrogenase family protein","SPO_RS05940",0,-0.077,-0.097439494408605,-0.174,-0.230368216913472,-0.138,-0.179593649680346,NA,"yes",NA
"SPO1181",1.114,0.938,1.312,2203,1.099,0.974,1.211,2175,0.651,0.511,0.921,3147,0.719,0.719,0.719,7710,"SPO1181","penicillin-binding protein","SPO_RS05985",3808.75,-0.0150000000000001,-0.0195578463908008,-0.463,-0.775019784174396,-0.395,-0.631685556900734,NA,"yes","yes"
"SPO1213",0.981,0.951,1.011,0,0.992,0.97,1.012,0,0.905,0.883,0.927,0,0.982,0.904,1.06,0,"SPO1213","oligopeptide ABC transporter, ATP-binding protein","SPO_RS06155",0,0.011,0.0160869841676365,-0.076,-0.116335344248671,0.001,0.0014698880954544,NA,"yes",NA
"SPO1265",0,0,0,587,0.386,0,1.26,363,0.753,0.37,1.113,177,0.687,0,1.159,214,"SPO1265","DNA-binding protein, putative","SPO_RS06445",335.25,0.386,Inf,0.753,Inf,0.687,Inf,NA,"yes",NA
"SPO1446",1.176,0.968,1.369,0,0.847,0.683,1.006,0,0.762,0.606,0.92,0,1.059,0.87,1.251,0,"SPO1446","cyclase, putative","SPO_RS07370",0,-0.329,-0.473454185504166,-0.414,-0.626025157343042,-0.117,-0.151185470844028,NA,"yes",NA
"SPO1481",0.476,0.146,0.734,0,0.837,0.69,0.994,0,0.861,0.735,0.98,0,0.803,0.687,0.928,0,"cfa","cyclopropane fatty acyl phospholipid synthase","SPO_RS07545",0,0.361,0.8142660492424,0.385,0.8550516640889,0.327,0.754438414209371,NA,"yes",NA
"SPO1582",0.446,0.138,0.75,0,0.548,0.16,0.96,0,0.847,0.763,0.919,0,0.402,0,0.819,0,"dmmC","DMA monooxygenase subunit C","SPO_RS08050",0,0.102,0.297132183040222,0.401,0.925318259411894,-0.044,-0.149848208741376,NA,"yes",NA
"SPO1613",0.643,0.427,0.864,5813,0.842,0.473,1.044,3234,1.029,0.976,1.073,4302,0.879,0.879,0.88,5806,"SPO1613","hypothetical protein","SPO_RS08205",4788.75,0.199,0.389001495738449,0.386,0.678352339566021,0.236,0.451044427815457,NA,"yes","yes"
"SPO1794",1.128,1.025,1.231,0,0.958,0.852,1.08,0,0.87,0.725,1.013,0,0.904,0.704,1.109,0,"SPO1794","formate dehydrogenase, gamma subunit","SPO_RS09125",0,-0.17,-0.235669506662613,-0.258,-0.374679761662703,-0.224,-0.319372389983606,NA,"yes",NA
"SPO1865",1.242,1.221,1.262,5857,1.202,1.184,1.221,5865,1.132,1.078,1.186,3156,1.255,1.107,1.403,3211,"tkt","transketolase","SPO_RS09480",4522.25,-0.04,-0.047228277509296,-0.11,-0.133791215388599,0.0129999999999999,0.0150221906176527,NA,"yes",NA
"SPO1928",1.129,1.093,1.171,0,1.081,1.052,1.107,0,1.033,1.015,1.052,0,1.059,1.035,1.08,0,"SPO1928","Tat (twin-arginine translocation) pathway signal sequence domain protein","SPO_RS09790",0,-0.048,-0.0626789630383506,-0.0960000000000001,-0.128205231907941,-0.0700000000000001,-0.0923428967806645,NA,"yes",NA
"SPO1933",0.836,0.749,0.922,0,0.978,0.898,1.05,0,0.974,0.932,1.014,0,1.058,0.958,1.142,0,"SPO1933","invasion associated family protein","SPO_RS09815",0,0.142,0.226331522871351,0.138,0.220418830001459,0.222,0.339764780033143,NA,"yes","yes"
"SPO2016",1.212,1.126,1.327,0,1.199,1.116,1.292,0,1.003,0.94,1.077,0,1.058,0.919,1.192,0,"SPO2016","hypothetical protein","SPO_RS10230",0,-0.0129999999999999,-0.0155580400587272,-0.209,-0.27306809286077,-0.154,-0.196050071358925,NA,"yes",NA
"SPO2065",0.986,0.933,1.041,0,1.088,0.998,1.166,0,1.098,1.049,1.147,0,1.026,0.944,1.098,0,"bdh-1","D-beta-hydroxybutyrate dehydrogenase","SPO_RS10475",0,0.102,0.142019004872428,0.112,0.155218502627287,0.04,0.0573711792291426,NA,"yes",NA
"SPO2087",0.072,0,0.217,0,0.331,0.079,0.593,0,0.508,0.392,0.648,0,0.186,0,0.437,0,"ntrC","nitrogen regulation protein NtrC","SPO_RS10585",0,0.259,2.20076240536491,0.436,2.81875968532985,0.114,1.36923380966572,NA,"yes",NA
"SPO2119",0.931,0.872,0.99,0,0.952,0.891,1.006,0,1.034,0.995,1.069,0,0.996,0.977,1.02,0,"rocF","arginase","SPO_RS10745",0,0.0209999999999999,0.0321804057491497,0.103,0.151383112756141,0.0649999999999999,0.0973645745092872,NA,"yes",NA
"SPO2147",1.018,0.971,1.056,0,0.986,0.942,1.044,0,0.92,0.896,0.941,0,0.923,0.886,0.955,0,"SPO2147","hypothetical protein","SPO_RS22205",0,-0.032,-0.0460780096977839,-0.098,-0.14603179513132,-0.095,-0.141335008429921,NA,"yes","yes"
"SPO2203",1.093,1.058,1.134,0,1.02,0.979,1.051,0,1.004,0.991,1.019,0,1.025,0.997,1.06,0,"mmsA","methylmalonate-semialdehyde dehydrogenase","SPO_RS11170",0,-0.073,-0.0997242488130466,-0.089,-0.122534131721133,-0.0680000000000001,-0.0926694912790964,NA,"yes",NA
"SPO2222",0.489,0.159,0.72,0,0.723,0.465,0.951,0,0.845,0.77,0.911,0,0.788,0.6,0.926,0,"SPO2222","pyruvate dehydrogenase complex, E3 component, lipoamide dehydrogenase, putative","SPO_RS11270",0,0.234,0.564161181998884,0.356,0.789116876217313,0.299,0.688361164504143,NA,"yes",NA
"SPO2241",0.263,0.165,0.366,0,0.352,0.113,0.52,0,0.577,0.473,0.667,0,0.408,0.132,0.684,0,"pdhB","pyruvate dehydrogenase complex, E1 component, beta subunit","SPO_RS11360",0,0.089,0.420512629344995,0.314,1.13350851935318,0.145,0.633506352679193,NA,"yes",NA
"SPO2270",1.184,1.13,1.234,0,1.111,1.065,1.158,0,1.091,1.051,1.127,0,1.13,1.07,1.189,0,"SPO2270","putative protein TIGR00247","SPO_RS11510",0,-0.073,-0.0918102642398577,-0.093,-0.118017979305343,-0.054,-0.0673463083263997,NA,"yes",NA
"SPO2470",1.323,1.239,1.46,4359,1.161,1.087,1.284,4277,0.916,0.761,1.07,980,0.917,0.903,0.931,5903,"iunH","inosine-uridine preferring nucleoside hydrolase","SPO_RS12545",3879.75,-0.162,-0.18844508941311,-0.407,-0.530393558181733,-0.406,-0.528819422683622,NA,"yes","yes"
"SPO2474",0.203,0.035,0.365,0,0.482,0.364,0.589,0,0.477,0.376,0.56,0,0.491,0.413,0.561,0,"eno","enolase","SPO_RS12565",0,0.279,1.24755341904479,0.274,1.23250953882034,0.288,1.27424329712952,NA,"yes","yes"
"SPO2548",0.901,0.838,0.961,0,0.946,0.876,1.017,0,1.011,0.965,1.057,0,0.933,0.855,1.023,0,"SPO2548","oxidoreductase, zinc-binding dehydrogenase family","SPO_RS12925",0,0.0449999999999999,0.0703130775258565,0.11,0.166183986089476,0.032,0.0503499750382201,NA,"yes",NA
"SPO2569",0.777,0.628,0.872,0,0.911,0.859,0.962,0,0.931,0.912,0.947,0,0.914,0.789,1.037,0,"bpt","Aspartate/glutamate leucyltransferase (EC 2.3.2.29)","SPO_RS13035",0,0.134,0.229536455394341,0.154,0.260866569151084,0.137,0.23427956665036,NA,"yes",NA
"SPO2572",1.098,0.983,1.216,0,0.954,0.861,1.068,0,0.9,0.829,0.962,0,0.954,0.849,1.061,0,"SPO2572","hypothetical protein","",0,-0.144,-0.202816882999687,-0.198,-0.286881147788162,-0.144,-0.202816882999687,NA,"yes",NA
"SPO2713",0.973,0.872,1.077,0,0.905,0.776,1.024,0,0.728,0.577,0.857,0,0.821,0.59,1.017,0,"secA2","Protein translocase subunit SecA 2","SPO_RS13760",0,-0.0679999999999999,-0.104522012810544,-0.245,-0.418501354582415,-0.152,-0.245057583003307,NA,"yes",NA
"SPO2744",0.736,0.67,0.808,0,0.732,0.675,0.797,0,0.926,0.872,0.981,0,0.907,0.808,0.991,0,"SPO2744","malonate transporter, putative","SPO_RS13940",0,-0.004,-0.00786211777297045,0.19,0.331306427203224,0.171,0.30139678447151,NA,"yes",NA
"SPO2753",0.728,0.631,0.835,0,0.872,0.8,0.938,0,0.931,0.877,0.98,0,0.926,0.869,0.98,0,"SPO2753","diguanylate cyclase, putative/response regulator","SPO_RS13985",0,0.144,0.26038968457823,0.203,0.354842717360098,0.198,0.34707374306154,NA,"yes","yes"
"SPO2796",1.127,1.022,1.237,0,1.138,1.022,1.217,0,0.852,0.808,0.899,0,1.002,0.925,1.112,0,"gph-2","phosphoglycolate phosphatase","SPO_RS14200",0,0.0109999999999999,0.0140130421343607,-0.275,-0.403562179946383,-0.125,-0.169605006977013,NA,"yes",NA
"SPO2858",0.811,0.699,0.91,0,0.949,0.904,0.999,0,0.979,0.948,1.013,0,0.986,0.944,1.027,0,"SPO2858","hypothetical protein","SPO_RS14510",0,0.138,0.226706172803836,0.168,0.271606945386422,0.175,0.281885732160638,NA,"yes","yes"
"SPO2894",0.077,0,0.193,0,0,0,0,0,0.333,0.289,0.378,0,0.206,0,0.419,0,"SPO2894","pH adaption potassium efflux system protein","SPO_RS14685",0,-0.077,-Inf,0.256,2.11259182637636,0.129,1.41971398648832,NA,"yes",NA
"SPO3018",0.875,0.769,0.966,0,0.875,0.775,0.963,0,1.034,0.999,1.073,0,0.962,0.928,0.995,0,"SPO3018","hypothetical protein","SPO_RS15300",0,0,0,0.159,0.240881263595243,0.087,0.136753877050351,NA,"yes",NA
"SPO3050",0.641,0.425,0.787,0,0.908,0.768,1.029,0,0.897,0.818,0.989,0,0.886,0.802,0.976,0,"SPO3050","hypothetical protein","",0,0.267,0.502367940672174,0.256,0.48478362830052,0.245,0.466982341936277,NA,"yes","yes"
"SPO3065",0.874,0.801,0.957,0,0.992,0.94,1.043,0,1.034,0.96,1.104,0,1.016,0.969,1.08,0,"SPO3065","hypothetical protein","",0,0.118,0.182706840886277,0.16,0.242531000814336,0.142,0.217195217271568,NA,"yes","yes"
"SPO3128",0.842,0.784,0.902,0,0.984,0.891,1.074,0,0.952,0.914,0.989,0,0.972,0.936,1.018,0,"fsaB","fructose-6-phosphate aldolase 2","SPO_RS15850",0,0.142,0.224838082272844,0.11,0.177141340241547,0.13,0.207136080539385,NA,"yes","yes"
"SPO3255",1.1,1,1.199,3142,1.025,0.716,1.182,2215,0.75,0.653,0.801,4415,1.108,0.88,1.335,1497,"rimM","16S rRNA processing protein RimM","SPO_RS16485",2817.25,-0.0750000000000002,-0.101879614019214,-0.35,-0.552541023028779,0.00800000000000001,0.0104543576371664,NA,"yes",NA
"SPO3263",0.892,0.837,0.958,0,0.992,0.945,1.036,0,0.997,0.964,1.03,0,0.983,0.926,1.036,0,"SPO3263","hypothetical protein","",0,0.1,0.15329641046657,0.105,0.160549794477891,0.091,0.140147706420276,NA,"yes",NA
"SPO3385",1.089,1.056,1.121,0,1.056,1.025,1.087,0,1.01,0.979,1.05,0,1.069,1.032,1.109,0,"SPO3385","glycosyl transferase, family 25","SPO_RS17145",0,-0.0329999999999999,-0.0443941193584534,-0.079,-0.10864866107775,-0.02,-0.0267421009964163,NA,"yes",NA
"SPO3498",0.967,0.943,0.994,0,0.955,0.901,1.008,0,0.895,0.88,0.911,0,0.998,0.963,1.033,0,"tuf-2","translation elongation factor Tu","SPO_RS17715",0,-0.012,-0.0180151565537302,-0.072,-0.111628207325222,0.031,0.0455239258604194,NA,"yes",NA
"SPO3498a",0.933,0.9,0.966,0,0.879,0.823,0.952,0,0.852,0.819,0.884,0,0.937,0.904,0.97,0,"SPO3498a","hypothetical protein","SPO_RS17720",0,-0.054,-0.0860139157083548,-0.0810000000000001,-0.131023650625921,0.004,0.00617196680742816,NA,"yes",NA
"SPO3513",0.146,0,0.542,38,0.132,0,0.474,43,0.868,0.642,1.083,5,0.512,0,1.039,15,"rplA","ribosomal protein L1","SPO_RS17795",25.25,-0.014,-0.145430439521564,0.722,2.57172667356446,0.366,1.81017544111998,NA,"yes",NA
"SPO3805",1.105,1.077,1.142,0,1.059,1.022,1.105,0,1.026,1.005,1.047,0,1.085,1.062,1.105,0,"dmdD","Methylthioacryloyl-CoA hydratase","SPO_RS19305",0,-0.046,-0.0613437802864576,-0.079,-0.10701563867174,-0.02,-0.0263513269469523,NA,"yes",NA
"SPO3843",1.112,1.07,1.148,0,1.036,0.993,1.08,0,1.031,1.003,1.059,0,1.014,0.982,1.046,0,"SPO3843","malonate transporter, putative","SPO_RS19500",0,-0.0760000000000001,-0.102132785036954,-0.0810000000000002,-0.109112455355399,-0.0980000000000001,-0.133099135720167,NA,"yes","yes"
"SPO3890",0.708,0.549,0.853,0,0.902,0.828,0.978,0,0.937,0.858,1.003,0,0.782,0.681,0.86,0,"coaE","dephospho-CoA kinase","SPO_RS19745",0,0.194,0.349378073172384,0.229,0.40429968757619,0.0740000000000001,0.143419247224355,NA,"yes",NA
"SPOA0017",0.223,0,0.486,43,0,0,0,35,0.84,0.714,0.972,0,0.268,0,0.672,43,"cmk","cytidylate kinase","SPO_RS19860",30.25,-0.223,-Inf,0.617,1.91334561774582,0.045,0.265189290537468,NA,"yes",NA
"SPOA0070",0.986,0.936,1.039,0,0.956,0.899,1.017,0,0.868,0.819,0.919,0,0.902,0.811,0.983,0,"SPOA0070","polar amino acid ABC transporter permease","SPO_RS20125",0,-0.03,-0.044577028397163,-0.118,-0.183892603933432,-0.084,-0.12846021312253,NA,"yes",NA
"SPOA0293",1.038,1.018,1.059,0,1.002,0.979,1.025,0,0.965,0.948,0.982,0,0.97,0.945,0.993,0,"pssA","CDP-diacylglycerol--serine O-phosphatidyltransferase","SPO_RS21305",0,-0.036,-0.0509239351626724,-0.0730000000000001,-0.105205596202438,-0.0680000000000001,-0.0977497912833909,NA,"yes",NA
"SPO0174",0.883,0.79,0.973,0,0.94,0.855,1.046,0,0.929,0.858,1.012,0,1.045,0.986,1.109,0,"SPO0174","hypothetical protein","SPO_RS00890",0,0.0569999999999999,0.0902473189165336,0.046,0.073265158734187,0.162,0.243017599319779,NA,NA,"yes"
"SPO0210",0.045,0,0.134,0,0.143,0,0.293,0,0.056,0,0.114,0,0.257,0.2,0.337,0,"leuB","3-isopropylmalate dehydrogenase","SPO_RS01070",0,0.098,1.66801824044871,0.011,0.315501825727929,0.212,2.5137714528642,NA,NA,"yes"
"SPO0284",0.152,0,0.308,0,0.415,0.162,0.623,0,0.344,0.163,0.509,0,0.657,0.539,0.794,0,"SPO0284","dihydroorotase, multifunctional complex type","SPO_RS01440",0,0.263,1.4490400127907,0.192,1.17833724125851,0.505,2.11182204687874,NA,NA,"yes"
"SPO0297",0,0,0,620,0.081,0,0.337,618,0.343,0,0.8,621,0.685,0.536,0.88,639,"SPO0297","Sua5/YciO/YrdC family protein","SPO_RS01510",624.5,0.081,Inf,0.343,Inf,0.685,Inf,NA,NA,"yes"
"SPO0307",0.806,0.703,0.898,0,0.946,0.889,1.002,0,0.851,0.795,0.895,0,0.99,0.936,1.037,0,"mobA","molybdopterin-guanine dinucleotide biosynthesis protein A","SPO_RS01570",0,0.14,0.231060344811428,0.0449999999999999,0.0783792931579952,0.184,0.296648686439004,NA,NA,"yes"
"SPO0338",1.078,1.035,1.116,0,1.044,1.011,1.072,0,1.022,0.992,1.05,0,0.998,0.962,1.029,0,"SPO0338","cell division permease protein FtsX, putative","SPO_RS01720",0,-0.034,-0.046235466182621,-0.056,-0.0769619818148842,-0.0800000000000001,-0.111245457415245,NA,NA,"yes"
"SPO0345",0.373,0.123,0.542,0,0.381,0.116,0.667,0,0.503,0.42,0.581,0,0.731,0.641,0.831,0,"SPO0345","hypothetical protein","SPO_RS01755",0,0.00800000000000001,0.0306153672380843,0.13,0.431382769550289,0.358,0.9706957756972,NA,NA,"yes"
"SPO0520",0.958,0.921,0.997,0,1.036,0.976,1.094,0,1.016,0.99,1.042,0,1.066,1.036,1.097,0,"SPO0520","glutamate/glutamine/aspartate/asparagine ABC transporter, permease protein","SPO_RS02625",0,0.0780000000000001,0.112926441950374,0.0580000000000001,0.0848028410359856,0.108,0.154109877022996,NA,NA,"yes"
"SPO0573",0.646,0.528,0.778,0,0.838,0.768,0.919,0,0.816,0.77,0.861,0,0.903,0.858,0.946,0,"SPO0573","hypothetical protein","SPO_RS02890",0,0.192,0.375416079005427,0.17,0.337034987277571,0.257,0.483191822786933,NA,NA,"yes"
"SPO0800",0.785,0.699,0.873,0,0.857,0.785,0.967,0,0.906,0.865,0.942,0,0.938,0.912,0.964,0,"SPO0800","choline sulfatase","SPO_RS04035",0,0.072,0.12660255033351,0.121,0.206818396267246,0.153,0.256895268736387,NA,NA,"yes"
"SPO0892",0.191,0.104,0.285,0,0.317,0.105,0.455,0,0.192,0.052,0.329,0,0.354,0.286,0.455,0,"purK","phosphoribosylaminoimidazole carboxylase, ATPase subunit","SPO_RS04495",0,0.126,0.730910202103659,0.001,0.00753367268540742,0.163,0.890176722047249,NA,NA,"yes"
"SPO0935",1.099,1.047,1.15,0,1.024,0.981,1.063,0,1.043,1.008,1.073,0,0.982,0.941,1.02,0,"SPO0935","nitroreductase family protein","SPO_RS04700",0,-0.075,-0.101975670949231,-0.056,-0.0754522284294656,-0.117,-0.162396456634538,NA,NA,"yes"
"SPO0943",0.487,0.145,0.873,0,0.864,0.65,1.083,0,0.896,0.727,1.095,0,1.043,0.889,1.242,0,"SPO0943","hypothetical protein","SPO_RS04735",0,0.377,0.827109540081126,0.409,0.879576959975262,0.556,1.09874548043742,NA,NA,"yes"
"SPO0987",0.762,0.668,0.878,0,0.896,0.842,0.972,0,0.846,0.701,0.948,0,0.924,0.889,0.964,0,"znuA","zinc ABC transporter, periplasmic zinc-binding protein","SPO_RS04970",0,0.134,0.233707734564282,0.084,0.150866665626628,0.162,0.278101853922736,NA,NA,"yes"
"SPO0993",0.963,0.886,1.039,0,0.968,0.797,1.132,0,0.837,0.631,0.976,0,0.791,0.72,0.869,0,"soxX","monoheme cytochrome c SoxX","SPO_RS05000",0,0.005,0.00747124943113526,-0.126,-0.202308175293116,-0.172,-0.283858103370667,NA,NA,"yes"
"SPO1189",1.015,0.922,1.106,0,1.064,0.961,1.168,0,1.129,0.96,1.271,0,1.192,1.11,1.267,0,"SPO1189","hypothetical protein","SPO_RS06025",0,0.0490000000000002,0.0680184234286512,0.114,0.153565758700462,0.177,0.231904508389623,NA,NA,"yes"
"SPO1226a",0.931,0.876,0.978,0,0.938,0.899,0.979,0,0.973,0.937,1.006,0,1.009,0.982,1.035,0,"SPO1226a","hypothetical protein","SPO_RS22820",0,0.0069999999999999,0.0108067549565826,0.0419999999999999,0.0636586372223177,0.0779999999999998,0.116073101547563,NA,NA,"yes"
"SPO1261",1.16,1.026,1.362,1585,1.172,1.106,1.243,1500,1.14,0.945,1.284,1498,0.919,0.904,0.933,5887,"SPO1261","transcriptional regulator, MarR family","SPO_RS06425",2617.5,0.012,0.0148477644073133,-0.02,-0.0250909809628305,-0.241,-0.3359880387259,NA,NA,"yes"
"SPO1264",0.893,0.847,0.938,0,0.99,0.932,1.049,0,0.964,0.915,1.011,0,1.029,0.989,1.068,0,"aspC-2","aspartate aminotransferase","SPO_RS06440",0,0.097,0.148768349845749,0.071,0.110372971108739,0.136,0.204510901772746,NA,NA,"yes"
"SPO1318",0,0,0,0,0.091,0,0.273,0,0.1,0,0.304,0,0.351,0.113,0.515,0,"purA","adenylosuccinate synthetase","SPO_RS06720",0,0.091,Inf,0.1,Inf,0.351,Inf,NA,NA,"yes"
"SPO1365",1.055,0.991,1.12,0,0.993,0.931,1.056,0,0.998,0.956,1.046,0,0.922,0.883,0.971,0,"SPO1365","hypothetical protein","SPO_RS06965",0,-0.0619999999999999,-0.0873773760661735,-0.0569999999999999,-0.0801312782572868,-0.133,-0.194404343165209,NA,NA,"yes"
"SPO1368",0.526,0.179,0.826,0,0.729,0.615,0.842,0,0.769,0.693,0.845,0,0.934,0.835,1.031,0,"SPO1368","transcriptional regulator, AsnC family","SPO_RS06980",0,0.203,0.470856015034635,0.243,0.547920798669524,0.408,0.82835975041736,NA,NA,"yes"
"SPO1373",0.973,0.934,1.008,0,0.906,0.859,0.964,0,0.941,0.914,0.969,0,0.835,0.762,0.89,0,"SPO1373","hypothetical protein","SPO_RS07005",0,-0.0669999999999999,-0.102928754734876,-0.032,-0.0482450820525749,-0.138,-0.220663607419697,NA,NA,"yes"
"SPO1375",1.121,1.009,1.255,0,0.975,0.912,1.06,0,0.993,0.926,1.053,0,0.919,0.836,0.999,0,"SPO1375","transcriptional regulator, GntR family","SPO_RS07015",0,-0.146,-0.201312154168454,-0.128,-0.174920655277053,-0.202,-0.286649511516392,NA,NA,"yes"
"SPO1588",1.129,1.023,1.241,0,1.01,0.853,1.152,0,0.958,0.818,1.092,0,0.839,0.693,0.986,0,"mgdA","N-methylglutamate dehydrogenase subunit A","SPO_RS08080",0,-0.119,-0.160690193133844,-0.171,-0.236947925036821,-0.29,-0.428302770333178,NA,NA,"yes"
"SPO1627",0.958,0.383,1.148,208,0.878,0,1.302,597,0.819,0,1.026,370,0,0,0,3163,"SPO1627","hypothetical protein","SPO_RS08275",1084.5,-0.08,-0.125804716200822,-0.139,-0.226162204095172,-0.958,-Inf,NA,NA,"yes"
"SPO1727",1.11,0.997,1.245,0,0.892,0.303,1.252,0,1.017,0.923,1.12,0,0.243,0,0.725,9,"SPO1727","polyphosphate kinase 2, putative","SPO_RS08790",2.25,-0.218,-0.315444061317164,-0.0930000000000002,-0.126239997379968,-0.867,-2.19153145763169,NA,NA,"yes"
"SPO1757",1.086,1.02,1.147,0,1.021,0.981,1.061,0,0.984,0.888,1.069,0,0.954,0.908,1,0,"kpsS","capsular polysaccharide export protein KpsS","SPO_RS08940",0,-0.0650000000000002,-0.0890412369265602,-0.102,-0.142293882465122,-0.132,-0.18696293179885,NA,NA,"yes"
"SPO1838",0.756,0.699,0.815,0,0.941,0.81,1.064,0,0.883,0.731,1.011,0,0.923,0.835,1.007,0,"SPO1838","sugar ABC transporter, permease protein","SPO_RS09350",0,0.185,0.315808488507464,0.127,0.224027203427393,0.167,0.287944413424702,NA,NA,"yes"
"SPO1859",1.178,1.029,1.325,47,0.952,0.816,1.056,38,0.865,0.624,1.077,40,0.249,0,0.967,28,"SPO1859","phosphatase, Ppx/GppA family","SPO_RS09450",38.25,-0.226,-0.307306060522517,-0.313,-0.445567501306374,-0.929,-2.24212189176238,NA,NA,"yes"
"SPO1971",0.973,0.846,1.105,0,0.819,0.643,0.984,0,0.84,0.749,0.944,0,0.618,0.376,0.845,0,"SPO1971","enoyl-CoA hydratase/isomerase family protein","SPO_RS10005",0,-0.154,-0.248576353140103,-0.133,-0.212050477114989,-0.355,-0.654832966876737,NA,NA,"yes"
"SPO1984",0.828,0.773,0.882,0,0.819,0.79,0.849,0,0.796,0.757,0.859,0,0.919,0.902,0.936,0,"proA","gamma-glutamyl phosphate reductase","SPO_RS10065",0,-0.00900000000000001,-0.0157673158583167,-0.0319999999999999,-0.0568623369556763,0.0910000000000001,0.150434093789709,NA,NA,"yes"
"SPO2041",0.057,0,0.142,0,0.141,0.04,0.229,0,0.123,0,0.248,0,0.283,0.224,0.362,0,"SPO2041","B12 reduction/reactivation protein","SPO_RS10355",0,0.084,1.30666133823405,0.066,1.1096244911745,0.226,2.31176822866714,NA,NA,"yes"
"SPO2062",1.053,1.016,1.089,0,0.985,0.949,1.019,0,1.007,0.977,1.037,0,0.964,0.909,1.01,0,"SPO2062","hypothetical protein","SPO_RS10460",0,-0.0679999999999999,-0.0963098066819783,-0.046,-0.0644417530189323,-0.089,-0.127400384795755,NA,NA,"yes"
"SPO2145",0.067,0,0.172,0,0.321,0.073,0.573,0,0.188,0.065,0.313,0,0.464,0.249,0.624,0,"SPO2145","hypothetical protein","SPO_RS10875",0,0.254,2.26034029666453,0.121,1.48849966121986,0.397,2.7918918046698,NA,NA,"yes"
"SPO2198",0.186,0,0.376,0,0.276,0.049,0.514,0,0.322,0.102,0.54,0,0.711,0.573,0.852,0,"gap-3","glyceraldehyde-3-phosphate dehydrogenase, type I","SPO_RS11145",0,0.09,0.569365645670138,0.136,0.791758067006586,0.525,1.93454693851138,NA,NA,"yes"
"SPO2242",0.2,0.045,0.378,0,0.51,0.374,0.638,0,0.459,0.29,0.607,0,0.629,0.522,0.748,0,"pdhC","pyruvate dehydrogenase complex, E2 component, dihydrolipoamide acetyltransferase","SPO_RS11365",0,0.31,1.35049724708413,0.259,1.19849415363908,0.429,1.65306001710456,NA,NA,"yes"
"SPO2287",1.005,0.961,1.044,0,1.062,1.032,1.093,0,1.07,1.04,1.096,0,1.096,1.065,1.123,0,"SPO2287","autoinducer synthesis protein","SPO_RS11595",0,0.0570000000000002,0.079588264737863,0.0650000000000002,0.0904152952222187,0.0910000000000002,0.125052296894236,NA,NA,"yes"
"SPO2306",1.713,1.598,1.788,3140,1.619,1.517,1.686,3136,NA,NA,NA,10000,1.459,1.314,1.557,358,"SPO2306","hypothetical protein","SPO_RS23105",4158.5,-0.0940000000000001,-0.0814221657814331,NA,NA,-0.254,-0.231545268166108,NA,NA,"yes"
"SPO2573",1.099,1.062,1.129,0,1.138,1.111,1.179,0,1.083,1.045,1.122,0,1.19,1.139,1.229,0,"SPO2573","bacterial extracellular solute-binding protein, family 7","SPO_RS13055",0,0.0389999999999999,0.0503091713573508,-0.016,-0.021158143340904,0.091,0.114770187246075,NA,NA,"yes"
"SPO2633",0,0,0,0,0.235,0,0.705,0,0,0,0,0,0.703,0.23,1.022,0,"SPO2633","hypothetical protein","SPO_RS13355",0,0.235,Inf,0,NA,0.703,Inf,NA,NA,"yes"
"SPO2634",0,0,0,0,0.244,0,0.499,0,0,0,0,0,0.592,0.481,0.734,0,"SPO2634","sulfite reductase, putative","SPO_RS13360",0,0.244,Inf,0,NA,0.592,Inf,NA,NA,"yes"
"SPO2650",0.55,0.175,0.805,0,0.661,0.22,0.933,0,0.907,0.689,1.15,0,1.004,0.893,1.143,0,"SPO2650","methyltransferase, FkbM family","SPO_RS13440",0,0.111,0.26521865309567,0.357,0.7216709321165,0.454,0.86825574553875,NA,NA,"yes"
"SPO2654",0,0,0,0,0.275,0,0.553,0,0.16,0,0.328,0,0.735,0.66,0.816,0,"pyrE","orotate phosphoribosyltransferase","SPO_RS13465",0,0.275,Inf,0.16,Inf,0.735,Inf,NA,NA,"yes"
"SPO2666",0.891,0.822,0.967,0,0.747,0.586,0.913,0,0.893,0.811,0.984,0,0.669,0.562,0.77,0,"SPO2666","polar amino acid uptake family ABC transporter, permease protein","SPO_RS13525",0,-0.144,-0.254317188732685,0.002,0.00323474359930087,-0.222,-0.413419220880461,NA,NA,"yes"
"SPO2920",0.808,0.773,0.845,0,0.86,0.818,0.901,0,0.858,0.814,0.897,0,0.888,0.846,0.925,0,"fabJ-1","fatty oxidation complex, alpha subunit","SPO_RS14810",0,0.0519999999999999,0.0899813668376653,0.0499999999999999,0.0866223547477506,0.08,0.136204383598311,NA,NA,"yes"
"SPO2958",0.398,0.3,0.533,0,0.533,0.328,0.713,0,0.55,0.37,0.657,0,0.751,0.707,0.789,0,"SPO2958","inositol monophosphatase family protein","SPO_RS15000",0,0.135,0.421367102215527,0.152,0.466663187868373,0.353,0.916044476970623,NA,NA,"yes"
"SPO2988",1.107,1.063,1.153,0,1.047,1.009,1.089,0,1.035,0.996,1.066,0,0.975,0.924,1.018,0,"SPO2988","hypothetical protein","SPO_RS15145",0,-0.0600000000000001,-0.0803937798507439,-0.0720000000000001,-0.0970244543948647,-0.132,-0.183181098144579,NA,NA,"yes"
"SPO3074",0.499,0.309,0.731,0,0.525,0.171,0.816,0,0.598,0.192,0.906,0,0.891,0.773,1.042,0,"ctaG","cytochrome c oxidase assembly protein CtaG","SPO_RS15575",0,0.026,0.0732776072162245,0.099,0.261105668860844,0.392,0.836385616184662,NA,NA,"yes"
"SPO3087",1.031,0.998,1.06,0,1,0.958,1.042,0,0.984,0.961,1.004,0,0.961,0.916,0.995,0,"cpaC","pilus assembly protein CpaC","SPO_RS15645",0,-0.0309999999999999,-0.0440443327060211,-0.0469999999999999,-0.0673141120288684,-0.07,-0.101435996594358,NA,NA,"yes"
"SPO3091",1.054,0.997,1.11,0,1.003,0.955,1.048,0,0.972,0.919,1.019,0,0.958,0.914,0.996,0,"SPO3091","type II secretion system protein F (GspF)","SPO_RS15665",0,-0.0510000000000002,-0.0715532610250342,-0.0820000000000001,-0.116846648031434,-0.0960000000000001,-0.137777305901035,NA,NA,"yes"
"SPO3100",1.003,0.97,1.037,0,1.004,0.971,1.037,0,0.994,0.952,1.042,0,1.079,1.038,1.119,0,"SPO3100","hypothetical protein","SPO_RS15710",0,0.00100000000000011,0.00143766333859147,-0.0089999999999999,-0.0130038490498944,0.0760000000000001,0.105373258875836,NA,NA,"yes"
"SPO3167",1.026,0.955,1.098,0,0.958,0.892,1.027,0,0.993,0.949,1.036,0,0.852,0.758,0.935,0,"SPO3167","hypothetical protein","SPO_RS16045",0,-0.0680000000000001,-0.098933169870874,-0.033,-0.0471651080786802,-0.174,-0.268105395381216,NA,NA,"yes"
"SPO3169",0.47,0.428,0.512,0,0.534,0.437,0.63,0,0.488,0.428,0.557,0,0.629,0.592,0.666,0,"clpA","ATP-dependent Clp protease, ATP-binding subunit ClpA","SPO_RS16055",0,0.0640000000000001,0.184178985122554,0.018,0.0542203909978865,0.159,0.420399260314289,NA,NA,"yes"
"SPO3210",1.083,0.975,1.18,0,0.938,0.698,1.106,0,0.982,0.931,1.04,0,0.468,0,0.952,0,"SPO3210","hypothetical protein","SPO_RS16260",0,-0.145,-0.207373415092951,-0.101,-0.141238313293634,-0.615,-1.21045280802492,NA,NA,"yes"
"SPO3217",0.784,0.723,0.851,0,0.892,0.837,0.951,0,0.855,0.787,0.924,0,0.959,0.913,1.007,0,"def-1","peptide deformylase","SPO_RS16295",0,0.108,0.186190055805097,0.071,0.125070765658052,0.175,0.290677160902922,NA,NA,"yes"
"SPO3230",1.1,1.064,1.133,0,1.033,1.004,1.058,0,1.03,0.983,1.077,0,1.024,0.989,1.062,0,"SPO3230","aminotransferase, classes I and II","SPO_RS16360",0,-0.0670000000000002,-0.0906632695469626,-0.0700000000000001,-0.0948591863414413,-0.0760000000000001,-0.103287808412022,NA,NA,"yes"
"SPO3256",0,0,0,0,0.14,0,0.381,0,0.129,0,0.261,0,0.245,0.082,0.375,0,"rpmE","ribosomal protein L31","SPO_RS16490",0,0.14,Inf,0.129,Inf,0.245,Inf,NA,NA,"yes"
"SPO3327",0.931,0.915,0.946,0,0.966,0.938,0.991,0,0.961,0.911,0.996,0,1.008,0.984,1.035,0,"SPO3327","creatinase","SPO_RS16855",0,0.0349999999999999,0.0532420212769792,0.0299999999999999,0.0457552632149566,0.077,0.114642565941123,NA,NA,"yes"
"SPO3360",1.078,1.036,1.116,0,1.009,0.975,1.045,0,1.025,1,1.049,0,0.987,0.959,1.014,0,"kbl","2-amino-3-ketobutyrate coenzyme A ligase","SPO_RS17020",0,-0.0690000000000002,-0.0954310036461485,-0.0530000000000002,-0.0727332683596973,-0.0910000000000001,-0.127235188296108,NA,NA,"yes"
"SPO3420",0.971,0.939,1.004,0,1.001,0.959,1.045,0,0.948,0.923,0.977,0,1.083,1.054,1.115,0,"SPO3420","hypothetical protein","SPO_RS17315",0,0.0299999999999999,0.0438987734168012,-0.023,-0.0345842365209332,0.112,0.157490042189135,NA,NA,"yes"
"SPO3442",1.027,0.985,1.068,0,0.961,0.91,1.028,0,0.97,0.933,1.006,0,0.944,0.914,0.975,0,"SPO3442","PmbA","SPO_RS17425",0,-0.0659999999999999,-0.0958278455444447,-0.0569999999999999,-0.082379529243705,-0.083,-0.121577416956354,NA,NA,"yes"
"SPO3464",0.504,0.267,0.733,0,0.807,0.646,0.931,0,0.782,0.706,0.862,0,0.959,0.897,1.033,0,"SPO3464","hypothetical protein","SPO_RS17545",0,0.303,0.679144939777864,0.278,0.633744873807436,0.455,0.928107081518214,NA,NA,"yes"
"SPO3524",0.953,0.897,1.009,0,0.913,0.837,0.975,0,0.984,0.945,1.021,0,0.859,0.819,0.895,0,"ccoQ-1","cytochrome c oxidase, cbb3-type, subunit IV","SPO_RS17855",0,-0.0399999999999999,-0.0618613539257199,0.031,0.0461821014292981,-0.094,-0.149818082771478,NA,NA,"yes"
"SPO3539",0.006,0,0.017,0,0.074,0,0.152,0,0.038,0,0.116,0,0.204,0.064,0.303,0,"SPO3539","prephenate dehydratase","SPO_RS17930",0,0.068,3.62449086490779,0.032,2.66296501272243,0.198,5.08746284125034,NA,NA,"yes"
"SPO3570",0.881,0.843,0.918,0,0.927,0.892,0.959,0,0.937,0.896,0.98,0,0.982,0.94,1.019,0,"SPO3570","putative protein TIGR00103","SPO_RS18085",0,0.046,0.073427319705117,0.056,0.0889070287387732,0.101,0.156581005394279,NA,NA,"yes"
"SPO3634",0.671,0.62,0.732,0,0.798,0.594,0.926,0,0.771,0.668,0.864,0,0.828,0.788,0.868,0,"moaD","molybdopterin converting factor, subunit 1","SPO_RS18410",0,0.127,0.250075980022162,0.1,0.200418093714851,0.157,0.303318001299141,NA,NA,"yes"
"SPO3806",0.703,0.624,0.791,0,0.86,0.728,0.969,0,0.81,0.762,0.859,0,0.908,0.863,0.954,0,"smpB","SsrA-binding protein","SPO_RS19310",0,0.157,0.290811970516925,0.107,0.204397218699452,0.205,0.36916760821838,NA,NA,"yes"
"SPO3811",1.04,1.007,1.075,0,1.006,0.988,1.021,0,1.001,0.988,1.015,0,0.969,0.947,0.992,0,"SPO3811","hypothetical protein","SPO_RS19340",0,-0.034,-0.0479532232229274,-0.0390000000000001,-0.0551415541924611,-0.0710000000000001,-0.102014957613374,NA,NA,"yes"
"SPO3901",1.067,1.016,1.117,0,0.979,0.894,1.069,0,1.015,0.974,1.056,0,0.859,0.771,0.944,0,"SPO3901","carbon monoxide dehydrogenase G protein, putative","SPO_RS18460",0,-0.088,-0.12417941122073,-0.052,-0.0720804487518865,-0.208,-0.312830139685961,NA,NA,"yes"
"SPOA0051",0.965,0.918,1.014,0,0.903,0.874,0.939,0,0.916,0.89,0.941,0,0.869,0.828,0.915,0,"nosD","nitrous oxide maturation protein NosD","SPO_RS20030",0,-0.0619999999999999,-0.0958029546745845,-0.0489999999999999,-0.0751813440584987,-0.096,-0.151172765341043,NA,NA,"yes"
"SPOA0227",0.892,0.846,0.932,0,0.955,0.913,0.997,0,0.956,0.928,0.98,0,1.003,0.958,1.05,0,"nirJ","nitrite reductase heme biosynthesis J protein","SPO_RS20970",0,0.0629999999999999,0.0984570230028062,0.0639999999999999,0.0999669080604438,0.111,0.169205990691876,NA,NA,"yes"
"SPOA0325",1.04,0.973,1.11,0,0.995,0.918,1.079,0,0.932,0.863,1.014,0,0.901,0.838,0.969,0,"SPOA0325","2-nitropropane dioxygenase","SPO_RS21465",0,-0.045,-0.0638150975974434,-0.108,-0.158181668374174,-0.139,-0.206984517214916,NA,NA,"yes"
"SPOA0348",0.965,0.905,1.021,0,0.975,0.947,1.008,0,0.944,0.907,0.979,0,0.84,0.784,0.893,0,"SPOA0348","hypothetical protein","SPO_RS21600",0,0.01,0.0148732764815303,-0.021,-0.0317420827936015,-0.125,-0.20013961448932,NA,NA,"yes"
"SPOA0383",1.017,0.978,1.054,0,1.018,0.975,1.075,0,0.945,0.894,1.003,0,0.911,0.844,0.975,0,"SPOA0383","spermidine/putrescine ABC transporter, permease protein","SPO_RS21775",0,0.00100000000000011,0.00141788221819551,-0.072,-0.105933444749065,-0.106,-0.158796720055449,NA,NA,"yes"
